plot_id,site_id,date,moisture_mass_fraction_nir,moisture_mass_fraction_oven,above_ground_dry_yield,starch_mass_fraction,protein_mass_fraction,adf_mass_fraction,ndf_mass_fraction
19EF0001,EF,2019-09-09,0.791657948,,3.033335112,0.211342052,0.071552649,0.308657948,0.461763246
19EF0002,EF,2019-09-09,0.776950549,,1.585617199,0.243148352,0.071475275,0.296574176,0.430049451
19EF0003,EF,2019-09-10,0.777106295,,2.109052501,0.224012384,0.077,0.30121259,0.414093911
19EF0004,EF,2019-09-10,0.777239583,,2.0882143,0.212944792,0.077847917,0.308359375,0.429751042
19EF0005,EF,2019-09-10,0.766973834,,2.000135306,0.251513083,0.075486917,0.287486917,0.390486917
19EF0006,EF,2019-09-10,0.766579787,,2.999578008,0.227420213,0.074,0.300579787,0.420159574
19EF0007,EF,2019-09-12,0.748746617,,1.994657222,0.290821648,0.071301353,0.26803444,0.37802091
19EF0008,EF,2019-09-12,0.773659208,,2.568235056,0.259465577,0.071443201,0.283761618,0.407966437
19EF0009,EF,2019-09-12,0.766657551,,1.916264964,0.276027348,0.070342449,0.282287753,0.393575505
19EF0010,EF,2019-09-12,0.778,,2.009548626,0.25589644,0.072,0.291524272,0.410048544
19EF0011,EF,2019-09-12,0.784330097,,1.952248455,0.249113269,0.073443366,0.3,0.422226537
19EF0012,EF,2019-09-12,0.771744125,,1.707326355,0.26,0.070627937,0.290116188,0.412488251
19EF0013,EF,2019-09-12,0.766755332,,1.815247536,0.269081556,0.071540778,0.285459222,0.402081556
19EF0014,EF,2019-09-12,0.79013089,,1.565696894,0.238492147,0.074753927,0.296507853,0.421884817
19EF0015,EF,2019-09-12,0.7829309,,1.625770284,0.253156454,0.073,0.295050847,0.408567145
19EF0016,EF,2019-09-12,0.770663158,,2.127469018,0.274636842,0.070457895,0.278784211,0.388278947
19EF0017,EF,2019-09-13,0.768483333,,1.627723255,0.254583333,0.076,0.281483333,0.381933333
19EF0018,EF,2019-09-13,0.772603,,2.220498794,0.243779,0.076,0.288015,0.39503
19EF0019,EF,2019-09-13,0.782342561,,1.842716074,0.232643599,0.07867128,0.296013841,0.406813149
19EF0020,EF,2019-09-13,0.771,,2.057259709,0.238495652,0.078,0.293626087,0.401878261
19EF0021,EF,2019-09-16,0.769,,2.327863378,0.259,0.069,0.287,0.415
19EF0022,EF,2019-09-16,0.756,,1.703576651,0.284,0.068,0.269,0.384
19EF0023,EF,2019-09-16,0.76540625,,2.565666899,0.269125,0.06853125,0.28,0.402875
19EF0024,EF,2019-09-16,0.75547901,,2.218184524,0.281041981,0.06847901,0.27047901,0.391958019
19EF0025,EF,2019-09-16,0.76757289,,2.662260847,0.273425405,0.068571185,0.278716965,0.3945763
19EF0026,EF,2019-09-16,0.759188865,,2.153961071,0.28564083,0.069,0.270585153,0.384962882
19EF0027,EF,2019-09-16,0.746575439,,2.115829311,0.292949708,0.068050292,0.265525146,0.383424561
19EF0028,EF,2019-09-16,0.737299595,,3.16806082,0.297744939,0.067477733,0.260388664,0.379910931
19EF0029,EF,2019-09-17,0.752,,2.03421465,0.292,0.071,0.265,0.374
19EF0030,EF,2019-09-17,0.747070552,,2.415483425,0.287806748,0.06643865,0.266877301,0.388877301
19EF0031,EF,2019-09-17,0.739733483,,2.269528133,0.302699888,0.067433371,0.260866741,0.371300112
19EF0032,EF,2019-09-17,0.719617117,,2.431253666,0.315896396,0.067373874,0.25486036,0.366851351
19EF0033,EF,2019-09-17,0.760419171,,2.879890176,0.264714054,0.069447604,0.274314379,0.418047929
19EF0034,EF,2019-09-17,0.734928034,,2.409790514,0.301915145,0.068385607,0.253156821,0.370928034
19EF0035,EF,2019-09-17,0.737463899,,2.84049875,0.293216606,0.067,0.258319495,0.389638989
19EF0036,EF,2019-09-18,0.751975022,,2.714981301,0.290031222,0.067496878,0.264987511,0.376981267
19EF0037,EF,2019-09-18,0.759370829,,2.464844768,0.273629171,0.069,0.278264061,0.400528122
19EF0038,EF,2019-09-18,0.732990099,,1.843370319,0.298782178,0.068554455,0.262,0.378336634
19EF0039,EF,2019-09-18,0.749531759,,3.003425361,0.284447068,0.067,0.268552932,0.392552932
19EF0040,EF,2019-09-18,0.753,,1.45197539,0.289,0.07,0.266,0.382
19EF0041,EF,2019-09-18,0.742924804,,2.23667916,0.282845118,0.067384961,0.271384961,0.398615039
19EF0042,EF,2019-09-18,0.735882051,,2.514596706,0.299365128,0.067752821,0.260634872,0.378011282
19EF0043,EF,2019-09-18,0.748532929,,2.833692646,0.287137782,0.067467071,0.269263432,0.391059792
19EF0044,EF,2019-09-18,0.767870849,,2.457111003,0.267064576,0.069,0.282,0.407935424
19EF0045,EF,2019-09-18,0.740299441,,2.269664841,0.300312849,0.066,0.26153743,0.378
19EF0046,EF,2019-09-17,0.736,,1.889616674,0.300686221,0.068562074,0.257,0.380189632
19EF0047,EF,2019-09-17,0.733,,2.977441081,0.299814361,0.06645359,0.25509282,0.381464098
19EF0048,EF,2019-09-17,0.741,,2.971689581,0.288568511,0.068142128,0.262715745,0.392005106
19EF0049,EF,2019-09-17,0.74300092,,2.727890439,0.29949862,0.06849954,0.26250138,0.37700368
19EF0050,EF,2019-09-17,0.739491732,,2.92285554,0.299983464,0.066475196,0.262524804,0.379099217
19EF0051,EF,2019-09-17,0.7430725,,3.010631824,0.297,0.0674525,0.2647375,0.381475
19EF0052,EF,2019-09-17,0.752734426,,1.472852651,0.291898361,0.07,0.268101639,0.379203279
19EF0053,EF,2019-09-16,0.747842728,,3.538295308,0.290775226,0.068,0.266921364,0.387382046
19EF0054,EF,2019-09-16,0.751139378,,1.795835004,0.290860622,0.071,0.267565629,0.380705007
19EF0055,EF,2019-09-16,0.756279592,,3.498444934,0.280853061,0.067,0.271720408,0.391440816
19EF0056,EF,2019-09-16,0.786139752,,2.689748915,0.247243789,0.072523292,0.296663043,0.424756211
19EF0057,EF,2019-09-16,0.759,,2.398043393,0.283018646,0.071,0.269490677,0.383472031
19EF0058,EF,2019-09-16,0.763041584,,2.337003283,0.273946535,0.069005941,0.279029703,0.400544554
19EF0059,EF,2019-09-16,0.78,,2.816379558,0.251,0.071,0.288,0.414
19EF0060,EF,2019-09-16,0.758,,2.351279501,0.269,0.067,0.283,0.412
19EF0061,EF,2019-09-13,0.774879668,,2.119129832,0.237439834,0.076560166,0.294439834,0.404
19EF0062,EF,2019-09-13,0.790690674,,2.213516923,0.220982456,0.080527239,0.299690674,0.416544783
19EF0063,EF,2019-09-13,0.768259808,,3.057190654,0.244220577,0.075629904,0.288259808,0.396149519
19EF0064,EF,2019-09-13,0.757081907,,1.940345097,0.266114914,0.073360636,0.274163814,0.37452445
19EF0065,EF,2019-09-12,0.769752412,,2.097695975,0.271614148,0.071,0.28371597,0.397349411
19EF0066,EF,2019-09-12,0.783514768,,1.503016288,0.25442616,0.073009845,0.293049226,0.40857384
19EF0067,EF,2019-09-12,0.777690678,,1.536939396,0.264788136,0.071521186,0.286127119,0.402084746
19EF0068,EF,2019-09-12,0.776548065,,1.747762621,0.26080774,0.071,0.287,0.405259675
19EF0069,EF,2019-09-12,0.786524731,,1.938636247,0.244163441,0.073,0.294680645,0.418098925
19EF0070,EF,2019-09-12,0.787,,1.703449708,0.249105006,0.073526252,0.294894994,0.412263736
19EF0071,EF,2019-09-12,0.761823928,,2.060618819,0.288083521,0.069546275,0.273185102,0.378731377
19EF0072,EF,2019-09-12,0.769011696,,2.314212111,0.27671345,0.069637427,0.280461988,0.391011696
19EF0073,EF,2019-09-12,0.766917266,,1.898199981,0.261443645,0.070639089,0.286278177,0.411917266
19EF0074,EF,2019-09-12,0.771908446,,3.138238952,0.257515259,0.072,0.286545777,0.412122072
19EF0075,EF,2019-09-10,0.784656853,,2.071252746,0.215262944,0.07742335,0.307350254,0.422160406
19EF0076,EF,2019-09-10,0.778536092,,2.246902963,0.225433109,0.076536092,0.304566891,0.418350337
19EF0077,EF,2019-09-10,0.783533388,,2.563997108,0.224732894,0.076533388,0.300666941,0.41140066
19EF0078,EF,2019-09-10,0.778051233,,2.284331653,0.226525617,0.076,0.296948767,0.409897533
19EF0079,EF,2019-09-09,0.754540359,,2.138015062,0.281161435,0.069540359,0.275298206,0.391136771
19EF0080,EF,2019-09-09,0.784159649,,2.402720759,0.233361404,0.072159649,0.300899123,0.434798246
19EF0081,EF,2019-09-09,0.775,,2.484911546,0.256220159,0.069580018,0.289779841,0.412879752
19EF0082,EF,2019-09-09,0.792378798,,3.002566053,0.214621202,0.075126266,0.308563133,0.455815665
19EF0083,EF,2019-09-10,0.776,,2.104209133,0.222718295,0.076,0.302427235,0.419281705
19EF0084,EF,2019-09-10,0.780497615,,2.696408546,0.227019078,0.077,0.299492846,0.410990461
19EF0085,EF,2019-09-10,0.783804494,,1.878894862,0.209966292,0.078,0.309620225,0.430838202
19EF0086,EF,2019-09-10,0.764742706,,2.598193632,0.234687003,0.075,0.297827586,0.412541114
19EF0087,EF,2019-09-12,0.770490196,,1.828762095,0.257754902,0.071622549,0.287377451,0.416
19EF0088,EF,2019-09-12,0.761555556,,2.347002495,0.271888889,0.070444444,0.281,0.403222222
19EF0089,EF,2019-09-12,0.780627494,,1.932210972,0.256949002,0.071525499,0.292576497,0.409576497
19EF0090,EF,2019-09-12,0.770943396,,2.37090686,0.266528302,0.07,0.289056604,0.404584906
19EF0091,EF,2019-09-12,0.787192702,,1.822434469,0.248036488,0.073596351,0.297963512,0.41613797
19EF0092,EF,2019-09-12,0.779139706,,2.346455663,0.255932904,0.071642463,0.291569853,0.411497243
19EF0093,EF,2019-09-12,0.775864989,,1.912876559,0.258702517,0.069864989,0.290135011,0.416405034
19EF0094,EF,2019-09-12,0.782539855,,1.758230546,0.25186715,0.072,0.290619565,0.413725845
19EF0095,EF,2019-09-12,0.786274397,,1.817776633,0.245362801,0.073362801,0.296362801,0.415637199
19EF0096,EF,2019-09-12,0.783948022,,2.71942431,0.254259891,0.072,0.289266098,0.403584174
19EF0097,EF,2019-09-13,0.756108225,,2.200568725,0.263952381,0.073554113,0.27721645,0.378770563
19EF0098,EF,2019-09-13,0.774862069,,1.020075841,0.249413793,0.07837931,0.285862069,0.387827586
19EF0099,EF,2019-09-13,0.773947531,,2.145563295,0.248701646,0.077,0.287649177,0.387947531
19EF0100,EF,2019-09-13,0.758065193,,2.138024827,0.257045304,0.075422099,0.284532597,0.386954696
19EF0101,EF,2019-09-16,0.766,,2.1158879,0.269,0.066,0.282,0.406
19EF0102,EF,2019-09-16,0.789,,2.987557471,0.243,0.072,0.291,0.417
19EF0103,EF,2019-09-16,0.785434432,,3.115564958,0.248497646,0.07363349,0.293334902,0.422936785
19EF0104,EF,2019-09-16,0.763527728,,2.581593378,0.278110912,0.069527728,0.272305903,0.390556351
19EF0105,EF,2019-09-16,0.752,,2.060853176,0.291227967,0.067556992,0.267772033,0.380544066
19EF0106,EF,2019-09-16,0.757248634,,2.602734289,0.281502732,0.068,0.271664845,0.386913479
19EF0107,EF,2019-09-16,0.738130748,,2.835840914,0.294303877,0.066434626,0.262696123,0.387261497
19EF0108,EF,2019-09-16,0.750915205,,3.327354904,0.290521199,0.068,0.263521199,0.381084795
19EF0109,EF,2019-09-17,0.743598309,,2.368524236,0.298729387,0.067065539,0.260336152,0.377541226
19EF0110,EF,2019-09-17,0.756557785,,2.961963785,0.279557785,0.069,0.27488443,0.399326645
19EF0111,EF,2019-09-17,0.750415584,,2.251931864,0.294792208,0.068301948,0.265905844,0.377603896
19EF0112,EF,2019-09-17,0.737406667,,3.461650959,0.302062222,0.066,0.259937778,0.378
19EF0113,EF,2019-09-17,0.747,,1.29948741,0.287,0.072,0.264477186,0.383461977
19EF0114,EF,2019-09-17,0.715705521,,2.71502036,0.307220859,0.065,0.247315951,0.373631902
19EF0115,EF,2019-09-17,0.738132075,,2.168422821,0.296,0.07,0.261433962,0.386
19EF0116,EF,2019-09-18,0.753180039,,2.463184743,0.288130137,0.068,0.267869863,0.383149706
19EF0117,EF,2019-09-18,0.751547872,,2.280533125,0.290356383,0.066547872,0.268452128,0.388452128
19EF0118,EF,2019-09-18,0.740401515,,2.342286069,0.304189394,0.067,0.258007576,0.371613636
19EF0119,EF,2019-09-18,0.751,,2.151832332,0.286089266,0.069415819,0.272494915,0.390158192
19EF0120,EF,2019-09-18,0.744995442,,2.731620614,0.287515953,0.068502279,0.267990884,0.38847949
19EF0121,EF,2019-09-18,0.758485714,,2.063558041,0.2736,0.07,0.2754,0.3968
19EF0122,EF,2019-09-18,0.760798839,,2.415180714,0.27089942,0.071,0.28010058,0.402751451
19EF0123,EF,2019-09-18,0.743756364,,2.752400226,0.298878182,0.068439091,0.262804545,0.377291818
19EF0124,EF,2019-09-18,0.75024,,2.560813766,0.28724,0.06538,0.271,0.39538
19EF0125,EF,2019-09-18,0.753537583,,2.529409991,0.286078021,0.068,0.271384396,0.387768792
19EF0126,EF,2019-09-17,0.734760181,,2.289585146,0.29311991,0.068440045,0.261440045,0.39111991
19EF0127,EF,2019-09-17,0.733637546,,2.79866611,0.293087361,0.068,0.259275093,0.389550186
19EF0128,EF,2019-09-17,0.739197452,,1.199495292,0.292350318,0.071,0.259961783,0.383394904
19EF0129,EF,2019-09-17,0.740271859,,3.45177869,0.299271859,0.065567965,0.259728141,0.378616458
19EF0130,EF,2019-09-17,0.734396355,,2.27716425,0.305037585,0.066566059,0.256396355,0.369962415
19EF0131,EF,2019-09-17,0.752040377,,1.799018346,0.294939435,0.07,0.264033647,0.373557201
19EF0132,EF,2019-09-17,0.75231644,,1.95664264,0.28236712,0.070561187,0.276755253,0.39463288
19EF0133,EF,2019-09-16,0.733,,3.019156542,0.304525907,0.066,0.257484456,0.376463731
19EF0134,EF,2019-09-16,0.74060793,,2.874871041,0.29739207,0.069,0.260303965,0.374686344
19EF0135,EF,2019-09-16,0.769755952,,2.644000568,0.262341837,0.069,0.28097534,0.40802381
19EF0136,EF,2019-09-16,0.732787923,,1.771706046,0.311790869,0.062578792,0.253472754,0.366051546
19EF0137,EF,2019-09-16,0.757488166,,2.401246266,0.285186391,0.070387574,0.267325444,0.381650888
19EF0138,EF,2019-09-16,0.762921794,,2.220117965,0.277570386,0.069492179,0.276953076,0.396445255
19EF0139,EF,2019-09-16,0.779,,1.890436921,0.267,0.071,0.278,0.395
19EF0140,EF,2019-09-16,0.772,,2.776304592,0.252,0.068,0.292,0.425
19EF0141,EF,2019-09-13,0.755441989,,2.593447912,0.265674033,0.075220994,0.279883978,0.376767956
19EF0142,EF,2019-09-13,0.765319277,,2.282456801,0.255298193,0.075340361,0.282701807,0.385403614
19EF0143,EF,2019-09-13,0.784524068,,2.710069578,0.227427795,0.08,0.298572205,0.41514441
19EF0144,EF,2019-09-13,0.777111922,,1.789058194,0.244223844,0.078,0.292,0.399444039
19EF0145,EF,2019-09-12,0.775955611,,2.612186669,0.265346734,0.072,0.287088777,0.398350921
19EF0146,EF,2019-09-12,0.787195122,,1.022380347,0.249219512,0.074878049,0.294268293,0.407658537
19EF0147,EF,2019-09-12,0.767790795,,2.167719752,0.273688285,0.069958159,0.279041841,0.394125523
19EF0148,EF,2019-09-12,0.777182285,,1.694934754,0.251817715,0.072,0.296727856,0.422727856
19EF0149,EF,2019-09-12,0.769,,2.01432364,0.266170213,0.071,0.286914894,0.406744681
19EF0150,EF,2019-09-12,0.776438175,,1.818479703,0.267553421,0.071429772,0.284727491,0.395735894
19EF0151,EF,2019-09-12,0.768640118,,2.297602092,0.270453294,0.071,0.286,0.398906588
19EF0152,EF,2019-09-12,0.756408163,,2.214512938,0.28777551,0.068,0.271,0.378408163
19EF0153,EF,2019-09-12,0.761517483,,1.998065156,0.279447552,0.069517483,0.275034965,0.389034965
19EF0154,EF,2019-09-12,0.785454275,,2.817785697,0.248545725,0.074656506,0.292656506,0.423141264
19EF0155,EF,2019-09-10,0.768425732,,2.161792485,0.22616841,0.077,0.304980126,0.423534519
19EF0156,EF,2019-09-10,0.790960554,,1.914683057,0.212692964,0.080551173,0.312307036,0.432858209
19EF0157,EF,2019-09-10,0.77239839,,2.209161797,0.225008048,0.074,0.301796781,0.418788732
19EF0158,EF,2019-09-10,0.778429772,,1.802279808,0.215421369,0.077,0.307719088,0.427008403
19EF0159,EF,2019-09-09,0.776846442,,2.327238427,0.254445693,0.070569288,0.290846442,0.414123596
19EF0160,EF,2019-09-09,0.781109705,,2.532856985,0.231616034,0.073,0.303274262,0.439493671
19EF0161,EF,2019-09-09,0.765,,1.154254718,0.269005964,0.069001988,0.279992048,0.395992048
19EF0162,EF,2019-09-09,0.775433962,,2.324426149,0.255396226,0.071,0.293867925,0.418867925
19EF0163,EF,2019-09-10,0.769541431,,2.389919033,0.233917137,0.075541431,0.297082863,0.409707156
19EF0164,EF,2019-09-10,0.766401105,,2.064358759,0.241983425,0.074,0.291214365,0.400225414
19EF0165,EF,2019-09-10,0.779641346,,2.237841177,0.209206731,0.075,0.310717308,0.439793269
19EF0166,EF,2019-09-10,0.779695652,,2.770797213,0.22526087,0.077565217,0.30273913,0.419608696
19EF0167,EF,2019-09-12,0.765206221,,1.990087269,0.272470046,0.071441244,0.281206221,0.402971198
19EF0168,EF,2019-09-12,0.773526733,,2.233593465,0.258419802,0.072,0.286071287,0.408633663
19EF0169,EF,2019-09-12,0.772946636,,1.911177474,0.267686775,0.07,0.282946636,0.397419954
19EF0170,EF,2019-09-12,0.774977703,,1.970987213,0.262027871,0.071,0.286977703,0.407972129
19EF0171,EF,2019-09-12,0.772563588,,1.659000087,0.26994913,0.070512718,0.285974565,0.400436412
19EF0172,EF,2019-09-12,0.778687747,,2.187015106,0.254699605,0.071462451,0.292612648,0.415837945
19EF0173,EF,2019-09-12,0.764578313,,1.526442176,0.27226506,0.068,0.281072289,0.399855422
19EF0174,EF,2019-09-12,0.768028506,,1.986552392,0.265514253,0.07,0.286971494,0.406914481
19EF0175,EF,2019-09-12,0.790021822,,2.161128474,0.239956357,0.073340607,0.299703036,0.428681214
19EF0176,EF,2019-09-12,0.753424242,,1.986415684,0.294969697,0.065969697,0.267545455,0.378090909
19EF0177,EF,2019-09-13,0.780992424,,2.258337609,0.238481061,0.078496212,0.294518939,0.408037879
19EF0178,EF,2019-09-13,0.773693895,,2.570051319,0.242661221,0.077338779,0.291,0.398338779
19EF0179,EF,2019-09-13,0.760518519,,2.209884397,0.255470899,0.076,0.286518519,0.391037037
19EF0180,EF,2019-09-13,0.762,,1.564075928,0.263459138,0.076459138,0.280540862,0.378081724
19EF0181,EF,2019-09-16,0.754,,2.805716336,0.279,0.066,0.278,0.403
19EF0182,EF,2019-09-16,0,,11.88382887,0,0,0,0
19EF0183,EF,2019-09-16,0.758335502,,2.539165081,0.278659851,0.067000929,0.272671004,0.395005576
19EF0184,EF,2019-09-16,0.767460772,,1.82338166,0.276539228,0.072539228,0.275539228,0.390539228
19EF0185,EF,2019-09-16,0.768525997,,2.608397905,0.273948007,0.071525997,0.27957799,0.393103986
19EF0186,EF,2019-09-16,0.756984402,,2.738456013,0.282015598,0.067492201,0.275015598,0.393523397
19EF0187,EF,2019-09-16,0.752825056,,2.13847401,0.284133183,0.070391648,0.269825056,0.387258465
19EF0188,EF,2019-09-16,0.746440649,,2.899361298,0.294114432,0.068,0.263220325,0.378885568
19EF0189,EF,2019-09-17,0.742431049,,2.899937424,0.297017346,0.065862099,0.262275802,0.380396357
19EF0190,EF,2019-09-17,0.74848289,,3.229677057,0.291102662,0.066,0.266448669,0.387931559
19EF0191,EF,2019-09-17,0.756928023,,2.473252308,0.285746641,0.069325336,0.267976008,0.384277351
19EF0192,EF,2019-09-17,0.746719409,,2.3446394,0.294561181,0.069687764,0.263375527,0.376407173
19EF0193,EF,2019-09-17,0.752540404,,1.913794455,0.281540404,0.069364899,0.262554293,0.392554293
19EF0194,EF,2019-09-17,0.741554987,,1.97351631,0.288890026,0.068289003,0.262109974,0.391219949
19EF0195,EF,2019-09-17,0.745534856,,2.067366334,0.282704327,0.070352163,0.267704327,0.396704327
19EF0196,EF,2019-09-18,0.757498706,,2.744500458,0.282506471,0.067501294,0.271496117,0.389992235
19EF0197,EF,2019-09-18,0.732911205,,2.467246922,0.302573996,0.065485201,0.258940803,0.378940803
19EF0198,EF,2019-09-18,0.758994465,,2.55106844,0.280497232,0.071497232,0.274005535,0.391016605
19EF0199,EF,2019-09-18,0.756509991,,2.736669044,0.281857515,0.068561251,0.273632493,0.393826238
19EF0200,EF,2019-09-18,0.747553314,,2.566174671,0.282872238,0.068425552,0.270276657,0.390851105
19EF0201,EF,2019-09-18,0.744,,2.439807679,0.295435451,0.065521516,0.262,0.381956967
19EF0202,EF,2019-09-18,0.760391056,,2.459073738,0.27717412,0.07,0.273565176,0.394695528
19EF0203,EF,2019-09-18,0.755750189,,3.150669613,0.287999243,0.067437547,0.268375473,0.389313399
19EF0204,EF,2019-09-18,0.759050529,,2.002264044,0.283350176,0.071,0.275,0.391199765
19EF0205,EF,2019-09-18,0.756637681,,2.295600296,0.288049689,0.068,0.268637681,0.382300207
19EF0206,EF,2019-09-17,0.741367854,,3.048285106,0.287,0.067632146,0.259,0.392
19EF0207,EF,2019-09-17,0.746477048,,2.750408196,0.283,0.067380738,0.265,0.399380738
19EF0208,EF,2019-09-17,0.733774381,,1.785962735,0.29374818,0.067477438,0.256342067,0.385342067
19EF0209,EF,2019-09-17,0.759413708,,2.844990584,0.281287366,0.071,0.27,0.388
19EF0210,EF,2019-09-17,0.768586713,,2.619012303,0.267768766,0.071,0.277173425,0.405462468
19EF0211,EF,2019-09-17,0.744,,2.557298418,0.290694037,0.068,0.26698827,0.385635386
19EF0212,EF,2019-09-17,0.748905196,,2.68973915,0.29093619,0.066920693,0.266381039,0.385920693
19EF0213,EF,2019-09-16,0.741788611,,2.922298943,0.291028473,0.066,0.264971527,0.388548749
19EF0214,EF,2019-09-16,0.756673591,,2.402183692,0.274234421,0.069,0.272091988,0.399020772
19EF0215,EF,2019-09-16,0.759038217,,2.955313919,0.28466242,0.068592357,0.26789172,0.379598726
19EF0216,EF,2019-09-16,0.758884247,,2.705275034,0.282557876,0.068442124,0.272326371,0.385326371
19EF0217,EF,2019-09-16,0.734404229,,2.08517743,0.309174129,0.068,0.249878109,0.360808458
19EF0218,EF,2019-09-16,0.757322016,,2.303363356,0.282389918,0.068677984,0.271322016,0.390288066
19EF0219,EF,2019-09-16,0.754,,2.43098025,0.277,0.069,0.274,0.398
19EF0220,EF,2019-09-16,0.747,,2.280279238,0.306,0.068,0.256,0.359
19EF0221,EF,2019-09-13,0.752882029,,2.188655601,0.267323043,0.075441014,0.276676957,0.373235943
19EF0222,EF,2019-09-13,0.751144781,,2.16516136,0.275848485,0.074572391,0.274434343,0.370723906
19EF0223,EF,2019-09-13,0.772540717,,2.045639531,0.243296417,0.077081433,0.294162866,0.401162866
19EF0224,EF,2019-09-13,0.76891411,,2.574689625,0.249214724,0.076478528,0.286957055,0.39491411
19EF0225,EF,2019-09-12,0.771180905,,2.667856109,0.265228643,0.07,0.288711055,0.406831658
19EF0226,EF,2019-09-12,0.783948454,,1.637136576,0.260340206,0.073559278,0.292389175,0.40342268
19EF0227,EF,2019-09-12,0.770080082,,2.186761219,0.272219713,0.070540041,0.280240246,0.392320329
19EF0228,EF,2019-09-12,0.774202605,,1.523571309,0.26359479,0.070400868,0.288202605,0.406603473
19EF0229,EF,2019-09-12,0.755229773,,1.477110127,0.289770227,0.067622977,0.273360841,0.386114887
19EF0230,EF,2019-09-12,0.785664969,,2.055277443,0.244670061,0.073,0.29810998,0.420664969
19EF0231,EF,2019-09-12,0.791340619,,2.237206462,0.242045537,0.073477231,0.296,0.415568306
19EF0232,EF,2019-09-12,0.767,,2.172826771,0.274309948,0.07,0.285380105,0.398070157
19EF0233,EF,2019-09-12,0.778783494,,2.015417304,0.251324759,0.072445874,0.290891747,0.413891747
19EF0234,EF,2019-09-12,0.756610885,,2.925667818,0.276389115,0.068610885,0.280389115,0.403778229
19EF0235,EF,2019-09-10,0.767600223,,2.037876471,0.237,0.076,0.297,0.410959911
19EF0236,EF,2019-09-10,0.776918033,,1.860322108,0.225079625,0.077,0.302836066,0.41617096
19EF0237,EF,2019-09-10,0.777456113,,2.772886892,0.224543887,0.073456113,0.299456113,0.415824451
19EF0238,EF,2019-09-10,0.786,,2.302826289,0.20869147,0.078,0.30930853,0.429462795
19EF0239,EF,2019-09-09,0.785,,1.941985592,0.238770811,0.073,0.30340973,0.431819459
19EF0240,EF,2019-09-09,0.775122469,,2.27714472,0.229380906,0.072,0.298496625,0.447496625
19EF0241,EF,2019-09-09,0.770698189,,2.225664403,0.244905433,0.069,0.284396378,0.422943662
19EF0242,EF,2019-09-09,0.781808156,,2.298930112,0.243767377,0.071404078,0.298212234,0.425828545
19EF0243,EF,2019-09-10,0.777068224,,2.329279282,0.215548598,0.076876636,0.30694486,0.42688972
19EF0244,EF,2019-09-10,0.783,,1.818079344,0.224255245,0.078,0.30432634,0.417744755
19EF0245,EF,2019-09-10,0.767727778,,2.04129417,0.234727778,0.074,0.297272222,0.410544444
19EF0246,EF,2019-09-10,0.774006369,,2.07880098,0.232651805,0.076,0.298012739,0.407348195
19EF0247,EF,2019-09-12,0.772518644,,1.965870428,0.259975141,0.073493785,0.285,0.407506215
19EF0248,EF,2019-09-12,0.777465753,,2.379451109,0.243557078,0.073,0.294977169,0.427465753
19EF0249,EF,2019-09-12,0.767794895,,2.487391819,0.276010939,0.070399271,0.280194166,0.39019052
19EF0250,EF,2019-09-12,0.789768367,,2.011823837,0.245156122,0.072230612,0.298306122,0.41415102
19EF0251,EF,2019-09-12,0.778225414,,1.959865042,0.255392265,0.071460773,0.293225414,0.411146961
19EF0252,EF,2019-09-12,0.772737987,,2.447756271,0.259737987,0.067579329,0.286841342,0.412786038
19EF0253,EF,2019-09-12,0.777596562,,2.147848271,0.263017189,0.072,0.289386249,0.403579373
19EF0254,EF,2019-09-12,0.771800581,,2.301869333,0.267798645,0.069600194,0.284,0.401600194
19EF0255,EF,2019-09-12,0.769535676,,2.11317327,0.281790202,0.071,0.28155804,0.387116081
19EF0256,EF,2019-09-12,0.775954242,,2.294975346,0.263746425,0.071390848,0.286299333,0.400816969
19EF0257,EF,2019-09-13,0.758314335,,2.732909575,0.262519862,0.074462867,0.281165803,0.381943005
19EF0258,EF,2019-09-13,0.766968085,,2.352890702,0.25694971,0.076,0.284246615,0.383411025
19EF0259,EF,2019-09-13,0.775838235,,1.488456889,0.244705882,0.078691176,0.290455882,0.394602941
19EF0260,EF,2019-09-13,0.777490482,,3.424290623,0.232019036,0.075498096,0.292490482,0.41297335
19EF0261,EF,2019-09-16,0.752,,2.402310635,0.285,0.067,0.271,0.391
19EF0262,EF,2019-09-16,0.778,,2.651216796,0.249,0.072,0.288,0.42
19EF0263,EF,2019-09-16,0.756376761,,2.026861714,0.283771127,0.069475352,0.271753521,0.387704225
19EF0264,EF,2019-09-16,0.74986875,,2.344795637,0.289355208,0.068644792,0.265644792,0.383710417
19EF0265,EF,2019-09-16,0.750923937,,2.174379383,0.29663311,0.069480984,0.264404922,0.374328859
19EF0266,EF,2019-09-16,0.756423858,,2.811370187,0.283030457,0.068,0.273,0.391
19EF0267,EF,2019-09-16,0.739760369,,2.205763628,0.293612903,0.067,0.261506912,0.383267281
19EF0268,EF,2019-09-16,0.752211913,,2.112323728,0.281140893,0.069,0.27147079,0.395376861
19EF0269,EF,2019-09-17,0.77057859,,2.636794104,0.261632116,0.070192863,0.282175021,0.414157179
19EF0270,EF,2019-09-17,0.743064985,,2.586710162,0.291870029,0.067,0.265064985,0.385129971
19EF0271,EF,2019-09-17,0.740501131,,2.240028505,0.299494344,0.066498869,0.263503394,0.37900905
19EF0272,EF,2019-09-17,0.759481626,,3.003894074,0.282591869,0.070036747,0.270371384,0.389114152
19EF0273,EF,2019-09-17,0.721842843,,2.713448218,0.303685686,0.064,0.249471471,0.382364364
19EF0274,EF,2019-09-17,0.749669291,,0.931332836,0.291582677,0.070417323,0.258417323,0.373330709
19EF0275,EF,2019-09-17,0.728667674,,2.630974251,0.296108761,0.065444109,0.254667674,0.38644713
19EF0276,EF,2019-09-18,0.747526725,,2.536860576,0.29897862,0.065505345,0.25901069,0.373505345
19EF0277,EF,2019-09-18,0.757041701,,2.901509566,0.284465249,0.068,0.27152085,0.391534751
19EF0278,EF,2019-09-18,0.746103535,,1.963575687,0.292741162,0.069051768,0.269,0.389948232
19EF0279,EF,2019-09-18,0.771,,2.426224765,0.261450691,0.069549309,0.281901382,0.411901382
19EF0280,EF,2019-09-18,0.753911877,,2.508747557,0.288018199,0.072,0.268069923,0.383525862
19EF0281,EF,2019-09-18,0.751886275,,1.853437885,0.282556863,0.07,0.268341176,0.387454902
19EF0282,EF,2019-09-18,0.749139194,,3.343730567,0.283149451,0.067,0.270278388,0.394417582
19EF0283,EF,2019-09-18,0.745268836,,1.452649165,0.293916096,0.072546233,0.267268836,0.379537671
19EF0284,EF,2019-09-18,0.770626841,,2.737030344,0.264895254,0.071253682,0.281492635,0.405477905
19EF0285,EF,2019-09-18,0.777150588,,2.774517623,0.254774118,0.070716863,0.288225882,0.416018039
19EF0286,EF,2019-09-17,0.735053254,,2.623386958,0.289,0.067,0.259,0.394420118
19EF0287,EF,2019-09-17,0.724,,2.45793125,0.298627193,0.068627193,0.255627193,0.378491228
19EF0288,EF,2019-09-17,0.734656834,,2.635085255,0.293850541,0.068417896,0.256910521,0.384567355
19EF0289,EF,2019-09-17,0.75530292,,2.618817006,0.284605839,0.069,0.26769708,0.388394161
19EF0290,EF,2019-09-17,0.731426335,,2.848125102,0.3,0.066,0.261544199,0.379088398
19EF0291,EF,2019-09-17,0.739930612,,2.488749134,0.288861224,0.069534694,0.265069388,0.385534694
19EF0292,EF,2019-09-17,0.728224449,,2.648541225,0.302112224,0.065,0.255775551,0.376107214
19EF0293,EF,2019-09-16,0.752990453,,2.021266452,0.28402864,0.068495227,0.26748568,0.395009547
19EF0294,EF,2019-09-16,0.738272446,,2.476504005,0.292662539,0.067467492,0.261934985,0.382467492
19EF0295,EF,2019-09-16,0.744321555,,2.119666899,0.296594817,0.067440518,0.264202591,0.377762073
19EF0296,EF,2019-09-16,0.735335871,,2.716211672,0.301781161,0.064335871,0.258664129,0.374656518
19EF0297,EF,2019-09-16,0.750545998,,2.038833427,0.286270012,0.069,0.269275986,0.387459976
19EF0298,EF,2019-09-16,0.733938503,,1.943342907,0.309938503,0.069469251,0.252592246,0.360653743
19EF0299,EF,2019-09-16,0.758,,3.048392519,0.282,0.066,0.27,0.396
19EF0300,EF,2019-09-16,0.776,,2.570109908,0.253,0.07,0.289,0.418
19EF0301,EF,2019-09-13,0.773976163,,1.944446336,0.239559591,0.076,0.292,0.402416572
19EF0302,EF,2019-09-13,0.769870048,,2.835948328,0.248922345,0.077467512,0.291740095,0.395012678
19EF0303,EF,2019-09-13,0.768330128,,2.823254016,0.252174679,0.076,0.286330128,0.392572917
19EF0304,EF,2019-09-13,0.742732265,,2.195647238,0.275128146,0.074,0.274290618,0.37415103
19EF0305,EF,2019-09-12,0.764846028,,2.80371454,0.275865684,0.069480753,0.283846028,0.399249795
19EF0306,EF,2019-09-12,0.780747826,,1.723477426,0.26513913,0.072704348,0.289930435,0.39733913
19EF0307,EF,2019-09-12,0.778962531,,2.59223707,0.252443797,0.071481266,0.295037469,0.414593672
19EF0308,EF,2019-09-12,0.771589041,,2.605107149,0.269219178,0.07,0.283794521,0.397589041
19EF0309,EF,2019-09-12,0.766483836,,2.116073432,0.271,0.069494612,0.281505388,0.401010776
19EF0310,EF,2019-09-12,0.792169165,,1.895495116,0.24266167,0.074779443,0.298948608,0.42033833
19EF0311,EF,2019-09-12,0.764911496,,2.515983315,0.281938869,0.069,0.28229927,0.396374088
19EF0312,EF,2019-09-12,0,,8.690721193,0,0,0,0
19EF0313,EF,2019-09-12,0.783040327,,3.624890045,0.235,0.072520164,0.295520164,0.438560491
19EF0314,EF,2019-09-12,0.750410169,,2.156929587,0.284179661,0.069,0.272410169,0.389230508
19EF0315,EF,2019-09-10,0.777,,2.536860576,0.224614592,0.076385408,0.304,0.419614592
19EF0316,EF,2019-09-10,0.758851159,,2.642067126,0.256224599,0.074592692,0.283738859,0.388441176
19EF0317,EF,2019-09-10,0.786661017,,2.458204666,0.215661017,0.077,0.306,0.422
19EF0318,EF,2019-09-10,0.785199446,,2.271588517,0.195602031,0.078,0.313999077,0.445397969
19EF0319,EF,2019-09-09,0.779872027,,1.898024214,0.252563986,0.071,0.295436014,0.419127973
19EF0320,EF,2019-09-09,0.772412527,,2.057904189,0.243699784,0.069,0.285062635,0.42412527
19EF0321,EF,2019-09-09,0.761613357,,2.649048998,0.263773286,0.06854833,0.273968366,0.401581722
19EF0322,EF,2019-09-09,0.78323296,,2.080714891,0.25076704,0.071446592,0.294786368,0.415786368
19EF0323,EF,2019-09-10,0.781925242,,2.42120563,0.211761653,0.076462621,0.306925242,0.428775726
19EF0324,EF,2019-09-10,0.772883441,,2.397398913,0.232058279,0.07647086,0.297058279,0.407587419
19EF0325,EF,2019-09-10,0.768,,1.866727853,0.243065534,0.076,0.291467233,0.398445388
19EF0326,EF,2019-09-10,0.764592488,,2.448137101,0.236222535,0.075,0.298583099,0.412971831
19EF0327,EF,2019-09-12,0.754562914,,2.171371808,0.289125828,0.07,0.272437086,0.386311258
19EF0328,EF,2019-09-12,0.752675556,,1.630183999,0.281324444,0.07,0.278558519,0.399675556
19EF0329,EF,2019-09-12,0.76651306,,2.444123745,0.270392724,0.07,0.280931903,0.402026119
19EF0330,EF,2019-09-12,0.766389199,,2.449982658,0.2736946,0.0683473,0.2876527,0.403263501
19EF0331,EF,2019-09-12,0.772946078,,2.261491657,0.268340196,0.07,0.288713725,0.402838235
19EF0332,EF,2019-09-12,0.784310559,,3.390943642,0.239982609,0.071,0.297293168,0.433586335
19EF0333,EF,2019-09-12,0.762,,1.931273546,0.278141998,0.070551143,0.282551143,0.396755716
19EF0334,EF,2019-09-12,0.777530072,,2.70896615,0.249469928,0.07,0.296060144,0.427530072
19EF0335,EF,2019-09-12,0.764058491,,2.442170774,0.282588679,0.06835283,0.280116981,0.389764151
19EF0336,EF,2019-09-12,0.74381535,,2.248943818,0.30218465,0.069,0.266,0.372
19EF0337,EF,2019-09-13,0.765923077,,2.733729823,0.255,0.076,0.283461538,0.388
19EF0338,EF,2019-09-13,0.766312661,,2.649312649,0.257374677,0.075437554,0.284500431,0.385000861
19EF0339,EF,2019-09-13,0.779429881,,2.349834303,0.243140238,0.078,0.29071494,0.396429881
19EF0340,EF,2019-09-13,0.759,,2.605136444,0.255407407,0.074,0.282777778,0.388962963
19EF0341,EF,2019-09-16,0.737,,2.008298725,0.297,0.065,0.262,0.381
19EF0342,EF,2019-09-16,0.754,,2.560696587,0.3,0.068,0.251,0.357
19EF0343,EF,2019-09-16,0.733,,2.179632875,0.300339713,0.065584928,0.260830144,0.384075359
19EF0344,EF,2019-09-16,0.759,,2.503943248,0.273988722,0.071,0.282007519,0.403015038
19EF0345,EF,2019-09-16,0.750195219,,1.836798571,0.294203187,0.069398406,0.268195219,0.375796813
19EF0346,EF,2019-09-16,0.74555275,,2.755466391,0.289964833,0.065517583,0.269,0.390482417
19EF0347,EF,2019-09-16,0.732894273,,2.368289879,0.293105727,0.067,0.263447137,0.387894273
19EF0348,EF,2019-09-16,0.737091525,,3.029370581,0.292954237,0.065,0.263568644,0.391091525
19EF0349,EF,2019-09-17,0.741553269,,2.084572009,0.291340194,0.067106538,0.267106538,0.388553269
19EF0350,EF,2019-09-17,0.722935096,,2.250974908,0.307554087,0.066489183,0.256489183,0.373021635
19EF0351,EF,2019-09-17,0.730892899,,2.257273239,0.307187427,0.067513388,0.259892899,0.370812573
19EF0352,EF,2019-09-17,0.72851379,,2.595352059,0.305492339,0.067501532,0.257,0.374
19EF0353,EF,2019-09-17,0.720412387,,1.807347768,0.300587613,0.066,0.253587613,0.382412387
19EF0354,EF,2019-09-17,0.72697561,,2.623386958,0.295536585,0.067,0.258487805,0.387463415
19EF0355,EF,2019-09-17,0.748144099,,1.979765817,0.275891925,0.069,0.26507205,0.399626087
19EF0356,EF,2019-09-18,0.769563887,,2.940979111,0.262052793,0.069563887,0.28569166,0.410947207
19EF0357,EF,2019-09-18,0.739979472,,2.597461267,0.300530792,0.065993157,0.260979472,0.377476051
19EF0358,EF,2019-09-18,0.745372654,,1.854853789,0.294813673,0.069790885,0.263790885,0.380395442
19EF0359,EF,2019-09-18,0.73046134,,2.042436659,0.30553866,0.066,0.253487113,0.369948454
19EF0360,EF,2019-09-18,0.737906832,,2.884333186,0.294186335,0.066,0.262546584,0.387453416
19EF0361,EF,2019-09-18,0.769530201,,2.682601041,0.260322148,0.071073826,0.279530201,0.411677852
19EF0362,EF,2019-09-18,0.729903093,,2.558333492,0.304742268,0.067,0.258903093,0.379354639
19EF0363,EF,2019-09-18,0.736623303,,2.273502429,0.300727376,0.067324661,0.261324661,0.380298643
19EF0364,EF,2019-09-18,0.755345488,,2.620750447,0.280171376,0.068620784,0.27510392,0.394966272
19EF0365,EF,2019-09-18,0.752904429,,2.070227437,0.293265734,0.07,0.268244755,0.379074592
19EF0366,EF,2019-09-17,0.731706422,,2.855634276,0.296678899,0.065477064,0.255183486,0.38693578
19EF0367,EF,2019-09-17,0.717692391,,2.536157506,0.30643587,0.066,0.251871739,0.376743478
19EF0368,EF,2019-09-17,0.726889698,,2.56287415,0.299,0.066944849,0.252417274,0.379944849
19EF0369,EF,2019-09-17,0.735904814,,2.35707006,0.303771335,0.067419037,0.259323851,0.373390591
19EF0370,EF,2019-09-17,0.745578149,,1.637214694,0.292421851,0.068,0.26498786,0.376783005
19EF0371,EF,2019-09-17,0.757039234,,2.479238165,0.279039234,0.070692823,0.273614354,0.390535885
19EF0372,EF,2019-09-17,0.7545,,2.16713386,0.279125,0.068125,0.271125,0.391625
19EF0373,EF,2019-09-16,0.749448092,,2.757321713,0.280517303,0.068965395,0.270482697,0.396586513
19EF0374,EF,2019-09-16,0.751473938,,2.514186582,0.276578185,0.067508687,0.270456564,0.396878378
19EF0375,EF,2019-09-16,0.731278013,,2.482333624,0.301810782,0.065,0.259366808,0.375278013
19EF0376,EF,2019-09-16,0.745758148,,1.447376143,0.288620926,0.067,0.267675815,0.38364837
19EF0377,EF,2019-09-16,0.744642012,,2.52844327,0.297073964,0.069,0.262378698,0.376115385
19EF0378,EF,2019-09-16,0.741518757,,2.354921792,0.289924973,0.069,0.27011254,0.39111254
19EF0379,EF,2019-09-16,0,,9.862503825,0,0,0,0
19EF0380,EF,2019-09-16,0.744,,2.222324822,0.286,0.065,0.274,0.399
19EF0381,EF,2019-09-13,0.760238727,,2.647935804,0.259403183,0.075,0.28235809,0.383156499
19EF0382,EF,2019-09-13,0.769480558,,2.257741952,0.255659023,0.077,0.285480558,0.384340977
19EF0383,EF,2019-09-13,0.768495481,,2.751160089,0.251531635,0.074495481,0.283972884,0.391963846
19EF0384,EF,2019-09-13,0.754369664,,2.640797695,0.264704814,0.074518619,0.281369664,0.38566485
19EF0385,EF,2019-09-12,0.774055378,,2.071731224,0.271151225,0.072,0.284531416,0.391745474
19EF0386,EF,2019-09-12,0.761485822,,2.464141698,0.289542533,0.070504726,0.275943289,0.377410208
19EF0387,EF,2019-09-12,0.770804074,,2.307445066,0.267594568,0.071,0.288601358,0.405601358
19EF0388,EF,2019-09-12,0.762127382,,2.315823312,0.2852999,0.070427282,0.276563691,0.387281846
19EF0389,EF,2019-09-12,0.776778894,,2.602587816,0.257442211,0.069,0.285778894,0.41109464
19EF0390,EF,2019-09-12,0.776881739,,2.505525155,0.260236522,0.071,0.289366957,0.406763478
19EF0391,EF,2019-09-12,0.756356219,,2.391041992,0.293643781,0.067643781,0.270356219,0.377356219
19EF0392,EF,2019-09-12,0.756153471,,1.954904496,0.280615104,0.069,0.275308161,0.396077954
19EF0393,EF,2019-09-12,0.76480859,,2.459669395,0.269914099,0.072404295,0.282277311,0.397937442
19EF0394,EF,2019-09-12,0.782374332,,2.384343301,0.250167558,0.073541889,0.293290553,0.420122995
19EF0395,EF,2019-09-10,0.785373202,,2.768551297,0.216985617,0.077,0.310133989,0.428148372
19EF0396,EF,2019-09-10,0.774666338,,2.228955159,0.235,0.075,0.298,0.410750247
19EF0397,EF,2019-09-10,0.775896054,,2.273687961,0.228207892,0.077379211,0.303792108,0.417688162
19EF0398,EF,2019-09-10,0.771997394,,2.562600734,0.239007819,0.074,0.291992181,0.403485665
19EF0399,EF,2019-09-09,0.786977049,,1.90332653,0.247174863,0.071659016,0.299636066,0.42608306
19EF0400,EF,2019-09-09,0.762507937,,1.753221175,0.257166667,0.069,0.282761905,0.423142857
19EF0401,EF,2019-09-09,0.761298246,,1.860048692,0.237,0.07,0.291701754,0.439754386
19EF0402,EF,2019-09-09,0.770311978,,2.415571308,0.269289694,0.069462396,0.285548747,0.40932312
19EF0403,EF,2019-09-10,0.774956627,,1.823938257,0.231608434,0.077,0.295956627,0.407391566
19EF0404,EF,2019-09-10,0.764455422,,1.909048736,0.240816867,0.076424096,0.294183133,0.401638554
19EF0405,EF,2019-09-10,0.777289335,,2.059476331,0.229991552,0.076,0.299289335,0.411438226
19EF0406,EF,2019-09-10,0.78075337,,2.699689537,0.214739889,0.075,0.30775337,0.433260111
19EF0407,EF,2019-09-12,0.765903553,,1.801303322,0.272918782,0.072,0.278629442,0.395807107
19EF0408,EF,2019-09-12,0.768954996,,2.957774662,0.26,0.070522502,0.286,0.410477498
19EF0409,EF,2019-09-12,0.770773309,,2.448771816,0.263453382,0.071,0.285216636,0.4078766
19EF0410,EF,2019-09-12,0.778986352,,1.739482024,0.264013648,0.072885856,0.291657568,0.403657568
19EF0411,EF,2019-09-12,0.789055928,,3.682990934,0.239832215,0.071527964,0.300167785,0.432807606
19EF0412,EF,2019-09-12,0.766653194,,1.747684502,0.273346806,0.069,0.282,0.400530639
19EF0413,EF,2019-09-12,0.77720796,,2.186409685,0.264544279,0.07139602,0.286663682,0.400515423
19EF0414,EF,2019-09-12,0.779663202,,2.069797783,0.261,0.073,0.292831601,0.408663202
19EF0415,EF,2019-09-12,0.770538462,,2.359413626,0.275589744,0.070435897,0.284358974,0.392102564
19EF0416,EF,2019-09-12,0.753631579,,2.742557252,0.292912281,0.067087719,0.27045614,0.379368421
19EF0417,EF,2019-09-13,0.758844995,,2.187649821,0.260310011,0.074584499,0.280598493,0.385689989
19EF0418,EF,2019-09-13,0.782908233,,2.47176805,0.23541681,0.078116638,0.292466552,0.404374786
19EF0419,EF,2019-09-13,0.763093274,,2.579396285,0.262660987,0.076,0.27975426,0.37675426
19EF0420,EF,2019-09-13,0.767507263,,2.03188085,0.252869274,0.076,0.286116201,0.384203352
19EF0421,EF,2019-09-16,0.739,,2.173979024,0.304,0.067,0.257,0.369
19EF0423,EF,2019-09-16,0.738609756,,2.092999079,0.297073171,0.068,0.261463415,0.378463415
19EF0424,EF,2019-09-16,0.751621381,,2.177992379,0.28518931,0.069,0.27318931,0.393162584
19EF0425,EF,2019-09-16,0.736372263,,2.116063667,0.297124088,0.066,0.262313869,0.380189781
19EF0426,EF,2019-09-16,0.753898374,,2.364696412,0.285,0.069,0.271449187,0.385347561
19EF0427,EF,2019-09-16,0.745537313,,2.164253228,0.283313433,0.067462687,0.26561194,0.390298507
19EF0428,EF,2019-09-16,0.751545,,2.426127117,0.27491,0.069455,0.273545,0.40127
19EF0429,EF,2019-09-17,0.737832988,,2.467862108,0.295610996,0.068,0.261778008,0.376167012
19EF0430,EF,2019-09-17,0.751446429,,3.126091472,0.273,0.069,0.273517857,0.402035714
19EF0431,EF,2019-09-17,0.724890819,,2.165239478,0.309445409,0.067445409,0.256,0.366772953
19EF0432,EF,2019-09-17,0.719783217,,2.347725094,0.305566434,0.066391608,0.256216783,0.374867133
19EF0433,EF,2019-09-17,0.731031185,,2.526636772,0.29504158,0.068010395,0.256474012,0.384906445
19EF0434,EF,2019-09-17,0.727598281,,2.476425886,0.293,0.067401719,0.257401719,0.385598281
19EF0435,EF,2019-09-17,0.728973105,,2.164868414,0.296513447,0.065486553,0.254459658,0.383973105
19EF0436,EF,2019-09-18,0.761096267,,2.374851862,0.277980354,0.071,0.277288802,0.392481336
19EF0437,EF,2019-09-18,0.760407178,,1.890388097,0.285345297,0.069469059,0.269716584,0.381433168
19EF0438,EF,2019-09-18,0.752104829,,2.055140735,0.282685512,0.069,0.271552415,0.390104829
19EF0439,EF,2019-09-18,0.747372283,,2.7234279,0.282116848,0.067,0.27051087,0.399394022
19EF0440,EF,2019-09-18,0.734643959,,2.015925076,0.298876607,0.068479434,0.258561697,0.373726221
19EF0441,EF,2019-09-18,0.748,,1.71513824,0.288,0.068,0.269,0.39
19EF0442,EF,2019-09-18,0.747523092,,2.455538861,0.291430723,0.068,0.266092369,0.386661647
19EF0443,EF,2019-09-18,0.754264728,,3.136237157,0.286452946,0.069094109,0.271264728,0.390529457
19EF0444,EF,2019-09-18,0.754319018,,2.346260366,0.283202454,0.069420245,0.276638037,0.395276074
19EF0445,EF,2019-09-18,0.754,,3.031518849,0.281350238,0.067,0.270649762,0.390350238
19EF0446,EF,2019-09-17,0.730444982,,2.176801067,0.298330109,0.067,0.253444982,0.380224909
19EF0447,EF,2019-09-17,0.737821918,,3.177122606,0.290356164,0.066589041,0.256232877,0.385287671
19EF0448,EF,2019-09-17,0.748585698,,2.162876383,0.278580023,0.07,0.265209989,0.393961407
19EF0449,EF,2019-09-17,0.767854799,,2.763307569,0.266242002,0.0704758,0.275806399,0.405136998
19EF0450,EF,2019-09-17,0.737,,2.082775276,0.305737361,0.066547472,0.257357583,0.367620222
19EF0451,EF,2019-09-17,0.730672165,,2.55104891,0.306354639,0.066575258,0.256672165,0.371919588
19EF0452,EF,2019-09-17,0.74,,2.521090334,0.288833837,0.067425982,0.264296073,0.387740181
19EF0453,EF,2019-09-16,0.739974684,,2.407075884,0.290541139,0.068,0.263477848,0.384458861
19EF0454,EF,2019-09-16,0.736520165,,2.487938651,0.299959669,0.066493278,0.257026887,0.376080662
19EF0455,EF,2019-09-16,0.761572692,,2.370115907,0.264418468,0.069,0.282436149,0.409590373
19EF0456,EF,2019-09-16,0.743310897,,2.346113893,0.292630342,0.065,0.268184829,0.389806624
19EF0457,EF,2019-09-16,0.732,,1.949651004,0.300995973,0.065502013,0.260995973,0.381991946
19EF0458,EF,2019-09-16,0.743025471,,2.265915136,0.288949059,0.067,0.267512735,0.390974529
19EF0459,EF,2019-09-16,0.732,,2.036011384,0.32,0.07,0.243,0.346
19EF0460,EF,2019-09-16,0.747,,2.092520601,0.29,0.069,0.268,0.381
19EF0461,EF,2019-09-13,0.760399551,,2.084640363,0.258400673,0.07587991,0.280839506,0.382159371
19EF0462,EF,2019-09-13,0.75451634,,2.567307394,0.263647059,0.07451634,0.27896732,0.377352941
19EF0463,EF,2019-09-13,0.74327899,,2.183460698,0.285174512,0.074,0.267216992,0.358825488
19EF0464,EF,2019-09-13,0.769892221,,2.397516091,0.251107779,0.076553889,0.284,0.386784442
19EF0465,EF,2019-09-12,0.75538386,,2.190383981,0.29061614,0.069,0.273,0.38238386
19EF0466,EF,2019-09-12,0.777362592,,2.650132897,0.266818704,0.071,0.289409352,0.400818704
19EF0467,EF,2019-09-12,0.775962656,,2.108935323,0.264834025,0.072,0.290545643,0.40723029
19EF0468,EF,2019-09-12,0.760164384,,2.393483206,0.282294521,0.068541096,0.278623288,0.394705479
19EF0469,EF,2019-09-12,0.785568678,,3.262281909,0.243862644,0.072428113,0.294709243,0.426562259
19EF0470,EF,2019-09-12,0.785216453,,3.110340761,0.252567094,0.072463924,0.29482468,0.414649359
19EF0471,EF,2019-09-12,0.760463235,,1.590548451,0.286380882,0.07,0.279619118,0.388775
19EF0472,EF,2019-09-12,0.776,,2.806341287,0.260211224,0.071,0.287788776,0.407183164
19EF0473,EF,2019-09-12,0.770251748,,2.245701886,0.272874126,0.072,0.278657343,0.38972028
19EF0474,EF,2019-09-12,0.753504912,,2.450314663,0.277495088,0.068,0.279252456,0.403669941
19EF0475,EF,2019-09-10,0.782108974,,1.991503173,0.23007906,0.077351496,0.296569444,0.404029915
19EF0476,EF,2019-09-10,0.776360406,,2.581261373,0.23119797,0.075639594,0.299162437,0.408243655
19EF0477,EF,2019-09-10,0.767754019,,2.821203396,0.226032958,0.076,0.302672026,0.419967042
19EF0478,EF,2019-09-10,0.787077934,,2.214298111,0.194383099,0.077538967,0.312538967,0.445077934
19EF0479,EF,2019-09-09,0.771888365,,2.833350876,0.259555818,0.07,0.293555818,0.420779088
19EF0480,EF,2019-09-09,0.775054983,,1.917592984,0.224538373,0.071,0.296054983,0.447758305
19EF0481,EF,2019-09-09,0.760467548,,1.946047772,0.243597356,0.069,0.289935096,0.436935096
19EF0482,EF,2019-09-09,0.778423146,,2.393014493,0.254122966,0.07,0.292392405,0.414846293
19EF0483,EF,2019-09-10,0.792,,3.075070104,0.190018494,0.077504624,0.314,0.453486129
19EF0484,EF,2019-09-10,0.7733,,2.523609667,0.2387,0.075383333,0.292916667,0.399066667
19EF0485,EF,2019-09-10,0.787021154,,2.162895913,0.216894231,0.078510577,0.307084615,0.420148077
19EF0486,EF,2019-09-10,0.778384685,,2.402086043,0.221769369,0.077,0.306845946,0.423461261
19EF0487,EF,2019-09-12,0.74339233,,2.548334281,0.289861357,0.06960767,0.270353982,0.386315634
19EF0488,EF,2019-09-12,0.777620893,,2.577570257,0.256379107,0.072379107,0.291620893,0.414
19EF0489,EF,2019-09-12,0.779861401,,2.884792134,0.2595693,0.072,0.291,0.4085693
19EF0490,EF,2019-09-12,0.778910798,,1.839386258,0.258647887,0.073117371,0.292117371,0.405676056
19EF0491,EF,2019-09-12,0.771813225,,1.920717738,0.270142691,0.072,0.287044084,0.398670534
19EF0492,EF,2019-09-12,0.786223751,,2.882829398,0.244477915,0.074,0.298761043,0.426671253
19EF0493,EF,2019-09-12,0.771279412,,2.733710293,0.267441176,0.071,0.287821895,0.40500817
19EF0494,EF,2019-09-12,0.772147567,,1.417290624,0.271262166,0.071536892,0.285127159,0.395032967
19EF0495,EF,2019-09-12,0.761977528,,2.482304329,0.284050562,0.069,0.278955056,0.387932584
19EF0496,EF,2019-09-12,0.777055511,,2.706036693,0.260250201,0.072527755,0.295222043,0.413860821
19EF0497,EF,2019-09-13,0.757155156,,2.506511405,0.26507474,0.077,0.277540208,0.377080416
19EF0498,EF,2019-09-13,0.749305861,,2.67320725,0.27965293,0.074,0.271694139,0.365388278
19EF0499,EF,2019-09-13,0.761244823,,1.914087401,0.254622412,0.076,0.284244823,0.385867235
19EF0500,EF,2019-09-13,0.759650161,,2.18034571,0.259699677,0.076,0.278233584,0.373500538
19EF0501,EF,2019-09-16,0.748,,2.428753863,0.293,0.07,0.265,0.378
19EF0502,EF,2019-09-16,0.741,,2.228134911,0.298,0.069,0.26,0.373
19EF0503,EF,2019-09-16,0.757924444,,2.127449489,0.270594444,0.069518889,0.278443333,0.404886667
19EF0504,EF,2019-09-16,0.756065442,,2.074709505,0.284869116,0.070532721,0.270598163,0.382532721
19EF0505,EF,2019-09-16,0.745319843,,1.904976791,0.30004047,0.069,0.263519582,0.372279373
19EF0506,EF,2019-09-16,0.743748918,,2.312083372,0.301251082,0.067549784,0.262549784,0.372099567
19EF0507,EF,2019-09-16,0.741003861,,1.965079475,0.292984556,0.069,0.263509653,0.381521236
19EF0508,EF,2019-09-16,0.721107955,,1.437923763,0.309261364,0.066738636,0.254369318,0.369522727
19EF0509,EF,2019-09-17,0.753301337,,1.982587861,0.276989064,0.069430134,0.272,0.394139733
19EF0510,EF,2019-09-17,0.759324635,,2.251453386,0.268467641,0.068441545,0.27576618,0.404973904
19EF0511,EF,2019-09-17,0.738991323,,2.349912421,0.303008677,0.067497831,0.259497831,0.371004338
19EF0512,EF,2019-09-17,0.74935782,,2.065677014,0.287886256,0.068471564,0.267699052,0.385454976
19EF0513,EF,2019-09-17,0.75239339,,2.267936461,0.271620469,0.071,0.269351812,0.403379531
19EF0514,EF,2019-09-17,0.730447826,,2.421566929,0.294278261,0.067517391,0.260826087,0.3901
19EF0515,EF,2019-09-17,0.737005425,,2.840322983,0.291502712,0.068,0.258994575,0.386497288
19EF0516,EF,2019-09-18,0.77142436,,2.877058368,0.257676493,0.070525213,0.285373933,0.410172227
19EF0517,EF,2019-09-18,0.754410256,,1.496444541,0.291230769,0.071,0.269589744,0.376769231
19EF0518,EF,2019-09-18,0.747728869,,2.244149274,0.292305159,0.067,0.267118551,0.387660812
19EF0519,EF,2019-09-18,0.745094771,,1.523336952,0.289452614,0.066547386,0.267094771,0.388452614
19EF0520,EF,2019-09-18,0.747207354,,2.416645442,0.295792646,0.069804903,0.259195097,0.368792646
19EF0521,EF,2019-09-18,0.743953811,,2.165219949,0.293488453,0.067488453,0.264534642,0.383557737
19EF0522,EF,2019-09-18,0.755190521,,2.522008231,0.272190521,0.068404739,0.278214218,0.410214218
19EF0523,EF,2019-09-18,0.744548495,,2.237518937,0.295,0.068,0.26696767,0.38393534
19EF0524,EF,2019-09-18,0.748837696,,2.342198186,0.296162304,0.068806283,0.265418848,0.378225131
19EF0525,EF,2019-09-18,0.779015276,,3.672718306,0.243477086,0.071,0.293507638,0.427015276
19EF0526,EF,2019-09-17,0.743595787,,2.496238778,0.283518556,0.068587763,0.259946841,0.389954865
19EF0527,EF,2019-09-17,0.731,,2.500662257,0.295476891,0.069497899,0.259510504,0.382029412
19EF0528,EF,2019-09-17,0.765086247,,2.952247754,0.259310023,0.071,0.274715618,0.417319347
19EF0529,EF,2019-09-17,0.745459296,,2.473125365,0.296364824,0.068364824,0.262905528,0.374716583
19EF0530,EF,2019-09-17,0.743043561,,2.649654419,0.294956439,0.068,0.266087121,0.381130682
19EF0531,EF,2019-09-17,0.758608219,,2.581085605,0.270396347,0.068400913,0.276198174,0.408990868
19EF0532,EF,2019-09-17,0.770714286,,2.789721503,0.255142857,0.071,0.284714286,0.419714286
19EF0533,EF,2019-09-16,0.737002278,,2.254822261,0.298997722,0.068501139,0.258,0.372498861
19EF0534,EF,2019-09-16,0.746,,2.537319524,0.28843304,0.069,0.26526784,0.384535679
19EF0535,EF,2019-09-16,0.753011538,,2.508278844,0.285413462,0.068,0.274563462,0.388609615
19EF0536,EF,2019-09-16,0.742616223,,2.075998466,0.29607385,0.067461259,0.266309927,0.380542373
19EF0537,EF,2019-09-16,0.755699115,,2.156548757,0.279522124,0.07,0.273477876,0.391256637
19EF0538,EF,2019-09-16,0.743454435,,2.061722248,0.290030377,0.067,0.268,0.390030377
19EF0539,EF,2019-09-16,0.743,,1.947424617,0.278,0.068,0.277,0.407
19EF0540,EF,2019-09-16,0.757,,2.372859831,0.273,0.069,0.278,0.399
19EF0541,EF,2019-09-13,0.763485714,,1.940003327,0.248821429,0.077,0.288435714,0.390871429
19EF0542,EF,2019-09-13,0.744520362,,2.756667468,0.275032579,0.073008145,0.26898371,0.364951131
19EF0543,EF,2019-09-13,0.762411538,,2.412817619,0.258578846,0.076401923,0.281617308,0.378636538
19EF0544,EF,2019-09-13,0.750433048,,2.566145377,0.277539411,0.075,0.269649573,0.364110161
19EF0545,EF,2019-09-12,0.772201599,,2.504695142,0.274,0.069801066,0.283798401,0.393596803
19EF0546,EF,2019-09-12,0.761994575,,2.570441913,0.282508137,0.07,0.28198915,0.3919783
19EF0547,EF,2019-09-12,0.756462173,,1.728887156,0.28822696,0.070537827,0.27577304,0.38654608
19EF0548,EF,2019-09-12,0.78281167,,3.671126634,0.245829578,0.071,0.293452917,0.423358752
19EF0549,EF,2019-09-12,0.784485714,,2.062376493,0.247114286,0.073628571,0.295257143,0.415628571
19EF0550,EF,2019-09-12,0.766517308,,2.371121687,0.277973077,0.069501923,0.280015385,0.389525
19EF0551,EF,2019-09-12,0.780663149,,2.638688486,0.256108766,0.073,0.293445617,0.410336851
19EF0552,EF,2019-09-12,0.774306576,,2.580724305,0.257951324,0.071,0.29087105,0.414484202
19EF0553,EF,2019-09-12,0.765523387,,2.839141435,0.268523387,0.071523387,0.285383065,0.406242742
19EF0554,EF,2019-09-12,0.759438005,,1.742997372,0.271123989,0.073438005,0.282314016,0.400752022
19EF0555,EF,2019-09-10,0.792422259,,2.476953188,0.211217676,0.078968903,0.309360065,0.423782324
19EF0556,EF,2019-09-10,0.776164218,,2.528882689,0.22193172,0.076452031,0.304808124,0.419712187
19EF0557,EF,2019-09-10,0.785662736,,1.774840565,0.213349057,0.078662736,0.306988208,0.417639151
19EF0558,EF,2019-09-10,0.779446661,,2.483183166,0.223035559,0.077,0.30248222,0.416
19EF0559,EF,2019-09-09,0.785431796,,2.135036781,0.243841021,0.072,0.298295388,0.424022571
19EF0560,EF,2019-09-09,0.77950308,,2.097139378,0.226991786,0.072,0.295505133,0.44201232
19EF0561,EF,2019-09-09,0.769849524,,2.359755396,0.249575238,0.071,0.284575238,0.419725714
19EF0562,EF,2019-09-09,0.779046154,,2.384128474,0.256384615,0.071,0.2936,0.414661538
19EF0563,EF,2019-09-10,0.777341253,,2.01333739,0.229097192,0.076414687,0.299073434,0.410561555
19EF0564,EF,2019-09-10,0.779565657,,2.557181239,0.216,0.078434343,0.308565657,0.425131313
19EF0565,EF,2019-09-10,0.754935357,,2.443274203,0.257677767,0.073516161,0.280386876,0.384806072
19EF0566,EF,2019-09-10,0.782161506,,2.54195783,0.233971548,0.077308787,0.296484519,0.405954812
19EF0567,EF,2019-09-12,0.761486377,,2.308089546,0.265513623,0.071,0.282495459,0.404
19EF0568,EF,2019-09-12,0.762670659,,1.935101369,0.268658683,0.072,0.285227545,0.408784431
19EF0569,EF,2019-09-12,0.762,,2.396080657,0.268772066,0.071386033,0.287,0.409227934
19EF0570,EF,2019-09-12,0.757400881,,2.688752899,0.287299559,0.067,0.271700441,0.383299559
19EF0571,EF,2019-09-12,0.775963907,,2.060794586,0.264855626,0.071481953,0.28566242,0.398360934
19EF0572,EF,2019-09-12,0.794191235,,3.026597362,0.234808765,0.075,0.301,0.430205843
19EF0573,EF,2019-09-12,0.767248295,,1.665952664,0.274065484,0.071562074,0.282248295,0.393934516
19EF0574,EF,2019-09-12,0.768871889,,2.448771816,0.276179724,0.070435945,0.278820276,0.392204608
19EF0575,EF,2019-09-12,0.767516199,,2.102178043,0.278980562,0.07,0.281509719,0.388
19EF0576,EF,2019-09-12,0.768,,2.170297674,0.280349687,0.071449896,0.282850731,0.389051148
19EF0577,EF,2019-09-13,0.764922428,,2.72246118,0.254674536,0.076,0.281883642,0.383767285
19EF0578,EF,2019-09-13,0.758811249,,2.470576738,0.265660629,0.076,0.28207531,0.378792183
19EF0579,EF,2019-09-13,0.764782471,,2.175131277,0.255991552,0.076,0.281782471,0.38067793
19EF0580,EF,2019-09-13,0.754746741,,2.572082409,0.264506518,0.074873371,0.278873371,0.375310056
19EF0581,EF,2019-09-16,0.773,,2.806243638,0.253,0.071,0.288,0.417
19EF0582,EF,2019-09-16,0.729,,2.122313175,0.31,0.068,0.254,0.367
19EF0583,EF,2019-09-16,0.733001379,,1.890222095,0.301497931,0.06750069,0.25650069,0.372502069
19EF0584,EF,2019-09-16,0.753416107,,2.511393833,0.285785235,0.069,0.269315436,0.387114094
19EF0585,EF,2019-09-16,0.76352377,,2.76867824,0.271809842,0.07152377,0.282618849,0.400809008
19EF0586,EF,2019-09-16,0.764541353,,0.917388623,0.276323308,0.070711779,0.272694236,0.38681203
19EF0587,EF,2019-09-16,0.752015929,,2.736327274,0.284973451,0.069,0.269015929,0.388534513
19EF0588,EF,2019-09-16,0.749027225,,2.340430747,0.28694555,0.069,0.266892147,0.385649215
19EF0589,EF,2019-09-17,0.748243879,,2.509987694,0.285118511,0.068787463,0.269062684,0.388519099
19EF0590,EF,2019-09-17,0.731216606,,2.181068309,0.306594465,0.067405535,0.253811071,0.365216606
19EF0591,EF,2019-09-17,0.75375625,,2.308353197,0.287275,0.06939375,0.27015,0.38633125
19EF0592,EF,2019-09-17,0.741485263,,2.398141042,0.299485263,0.068,0.262970526,0.378
19EF0593,EF,2019-09-17,0.746295271,,2.147897096,0.283163783,0.07,0.265377163,0.393295271
19EF0594,EF,2019-09-17,0.72697771,,2.631364845,0.298561297,0.066505572,0.25795542,0.388899696
19EF0595,EF,2019-09-17,0.764564482,,3.262272144,0.257484144,0.071,0.272257928,0.42246723
19EF0596,EF,2019-09-18,0.74684,,2.286665454,0.29412,0.06748,0.26796,0.38648
19EF0597,EF,2019-09-18,0.777260051,,2.54260231,0.255461933,0.07185201,0.289408041,0.416686056
19EF0598,EF,2019-09-18,0.756472086,,2.427953145,0.276527914,0.069527914,0.275472086,0.395472086
19EF0599,EF,2019-09-18,0.732461171,,2.186644041,0.299461171,0.069,0.263616487,0.381232975
19EF0600,EF,2019-09-18,0.730237624,,2.660532468,0.298867327,0.067552475,0.259790099,0.379132673
19EF0601,EF,2019-09-18,0.720058524,,2.148600165,0.308704835,0.067,0.252295165,0.368119593
19EF0602,EF,2019-09-18,0.759125561,,2.098076804,0.272811659,0.07,0.27559417,0.398188341
19EF0603,EF,2019-09-18,0.748386119,,2.513483512,0.290613881,0.068461388,0.266770283,0.383386119
19EF0604,EF,2019-09-18,0.750625946,,2.252468931,0.286341622,0.067593514,0.269032432,0.387877838
19EF0605,EF,2019-09-18,0.747143418,,2.513551866,0.295070727,0.069,0.265357564,0.378143418
19EF0606,EF,2019-09-17,0.757049327,,2.116161316,0.269901345,0.07,0.271536996,0.410123318
19EF0607,EF,2019-09-17,0.73958804,,3.061633663,0.282528239,0.06741196,0.265059801,0.398119601
19EF0608,EF,2019-09-17,0.745994819,,2.3935125,0.284036269,0.07,0.259984456,0.383979275
19EF0609,EF,2019-09-17,0.731246377,,1.991874238,0.302898551,0.068347826,0.263101449,0.378608696
19EF0610,EF,2019-09-17,0.75650328,,2.537016813,0.27899344,0.07062418,0.27725492,0.396885661
19EF0611,EF,2019-09-17,0.735832547,,2.187464289,0.301081368,0.069,0.262086085,0.37317217
19EF0612,EF,2019-09-17,0.734204451,,1.866132197,0.296,0.06988178,0.261,0.37467733
19EF0613,EF,2019-09-16,0.737395745,,2.410434994,0.297978723,0.068,0.261625532,0.376251064
19EF0614,EF,2019-09-16,0.730448478,,2.247840389,0.302412178,0.067551522,0.258139344,0.374278689
19EF0615,EF,2019-09-16,0.759379368,,1.412125016,0.284379368,0.071,0.271,0.376620632
19EF0616,EF,2019-09-16,0.763437143,,1.617001444,0.275377143,0.072,0.276874286,0.389748571
19EF0617,EF,2019-09-16,0.750402737,,2.493338616,0.286986315,0.069402737,0.269208211,0.384402737
19EF0618,EF,2019-09-16,0.724736842,,1.736386565,0.304421053,0.063736842,0.253736842,0.377842105
19EF0619,EF,2019-09-16,0.76,,1.382703507,0.277,0.071,0.274,0.389
19EF0620,EF,2019-09-16,0.767,,1.999910714,0.263,0.071,0.285,0.406
19EF0621,EF,2019-09-13,0.762366569,,2.373826552,0.257827957,0.076561095,0.281366569,0.378294233
19EF0622,EF,2019-09-13,0.771381413,,2.306097516,0.249808325,0.076476283,0.284810261,0.388191675
19EF0623,EF,2019-09-13,0.759984615,,2.437464114,0.262,0.075507692,0.282,0.381461538
19EF0624,EF,2019-09-13,0.763392138,,2.409790514,0.249564717,0.076,0.284956855,0.391956855
19EF0625,EF,2019-09-12,0.755638806,,2.398082452,0.293453731,0.069546269,0.272907463,0.377814925
19EF0626,EF,2019-09-12,0.767642377,,2.023893198,0.275762332,0.069404709,0.284023543,0.397023543
19EF0627,EF,2019-09-12,0.777321149,,2.49841634,0.259917319,0.072,0.287201915,0.401284595
19EF0628,EF,2019-09-12,0.768108333,,2.173813021,0.275269792,0.070513542,0.280621875,0.391216667
19EF0629,EF,2019-09-12,0.769397949,,2.195500765,0.266052308,0.068549744,0.287198974,0.410099487
19EF0630,EF,2019-09-12,0.770948292,,2.422299294,0.259441367,0.069610342,0.290610342,0.416168975
19EF0631,EF,2019-09-12,0.776517333,,2.455060383,0.264224,0.071419556,0.286517333,0.399356444
19EF0632,EF,2019-09-12,0.765540486,,2.261989665,0.275770243,0.070590081,0.279689271,0.395378543
19EF0633,EF,2019-09-12,0.783778555,,3.623112841,0.237553613,0.071444639,0.294778555,0.432891026
19EF0634,EF,2019-09-12,0.769463072,,1.92023926,0.263805393,0.072,0.288097304,0.410828839
19EF0635,EF,2019-09-10,0.785,,2.307288828,0.205414013,0.078,0.314585987,0.438585987
19EF0636,EF,2019-09-10,0.772337054,,1.991893768,0.235651786,0.076,0.297011161,0.406685268
19EF0637,EF,2019-09-10,0.773,,2.158989971,0.236555441,0.076444559,0.294889117,0.403333676
19EF0638,EF,2019-09-10,0.770892276,,2.201408502,0.235215447,0.075,0.292446138,0.400446138
19EF0639,EF,2019-09-09,0.766638187,,2.613719751,0.268979948,0.070638187,0.281467306,0.398934612
19EF0640,EF,2019-09-09,0.766857464,,2.028453386,0.249427609,0.071,0.282714927,0.418429854
19EF0641,EF,2019-09-09,0.757,,1.535240311,0.272,0.07,0.267,0.387
19EF0642,EF,2019-09-10,0.766390265,,2.57771673,0.256618584,0.076,0.279784956,0.375583186
19EF0643,EF,2019-09-10,0.769,,2.323352015,0.231382524,0.074617476,0.294234951,0.407087379
19EF0644,EF,2019-09-10,0.786237946,,3.333506763,0.218791484,0.079901064,0.30397057,0.418208516
19EF0645,EF,2019-09-10,0.782955056,,1.886277093,0.227370787,0.078191011,0.300483146,0.410202247
19EF0646,EF,2019-09-10,0.79384788,,2.421693873,0.208586866,0.080282627,0.31384788,0.433695761
19EF0647,EF,2019-09-12,0.768361111,,3.175735997,0.261731481,0.072,0.286814815,0.411814815
19EF0648,EF,2019-09-12,0.7724375,,2.204337959,0.2634375,0.072,0.287875,0.4094375
19EF0649,EF,2019-09-12,0.776,,2.574484563,0.257920136,0.072519966,0.292,0.416079864
19EF0650,EF,2019-09-12,0.774235877,,2.224394972,0.268645193,0.07,0.288235877,0.398824579
19EF0651,EF,2019-09-12,0.770132159,,1.528590444,0.268246696,0.071022026,0.288198238,0.405264317
19EF0652,EF,2019-09-12,0.78006726,,2.1712351,0.2516182,0.07187636,0.28975272,0.41275272
19EF0653,EF,2019-09-12,0.775614236,,2.493465559,0.259294376,0.070522847,0.287522847,0.41065993
19EF0654,EF,2019-09-12,0.780836892,,2.506052457,0.26,0.072418446,0.294418446,0.411581554
19EF0655,EF,2019-09-12,0.782790941,,1.826193939,0.264716609,0.07429849,0.287492451,0.395387921
19EF0656,EF,2019-09-12,0.778,,1.543472084,0.269651685,0.073,0.286348315,0.39315309
19EF0657,EF,2019-09-13,0.766868357,,1.884939308,0.246852657,0.077426329,0.285,0.394147343
19EF0658,EF,2019-09-13,0.758235714,,1.652555282,0.26061,0.077,0.280154286,0.37752
19EF0659,EF,2019-09-13,0.756239734,,2.144635634,0.261537181,0.075462819,0.285,0.387
19EF0660,EF,2019-09-13,0.766463263,,1.831203309,0.246724782,0.076724782,0.289637609,0.394550436
19EF0662,EF,2019-09-16,0.762,,2.219453955,0.261,0.073,0.287,0.414
19EF0663,EF,2019-09-16,0.761324324,,1.724668738,0.270445946,0.068,0.276554054,0.404108108
19EF0664,EF,2019-09-16,0.745662745,,1.899928361,0.294717647,0.069760784,0.264521569,0.378380392
19EF0665,EF,2019-09-16,0.745976032,,1.86286097,0.29658988,0.069,0.267434088,0.378374168
19EF0666,EF,2019-09-16,0.746817294,,1.772633707,0.291903766,0.067817294,0.26713947,0.380644351
19EF0667,EF,2019-09-16,0.729469807,,2.187317816,0.300987923,0.066493961,0.259024155,0.379024155
19EF0668,EF,2019-09-16,0.726615385,,2.394596399,0.304230769,0.068384615,0.260153846,0.375384615
19EF0669,EF,2019-09-17,0.752678035,,1.770241318,0.286241473,0.070459754,0.266298772,0.378678035
19EF0670,EF,2019-09-17,0.732925602,,2.383659761,0.302074398,0.067,0.260537199,0.376537199
19EF0671,EF,2019-09-17,0.754280236,,2.440208038,0.278732547,0.07,0.275987217,0.395974435
19EF0672,EF,2019-09-17,0.739452229,,2.796088189,0.297031847,0.066968153,0.262,0.380547771
19EF0673,EF,2019-09-17,0.757258437,,2.668998597,0.262916519,0.069,0.269825044,0.409475133
19EF0674,EF,2019-09-17,0.729498301,,2.332364976,0.30401359,0.069,0.254989807,0.373481314
19EF0675,EF,2019-09-17,0.744712067,,2.086515215,0.28574552,0.068542413,0.263169654,0.395796894
19EF0676,EF,2019-09-18,0.751263029,,2.982665278,0.288052932,0.068,0.271105049,0.388052117
19EF0677,EF,2019-09-18,0.758660335,,2.109198974,0.275559777,0.072,0.279220112,0.398220112
19EF0678,EF,2019-09-18,0.752087084,,2.474092086,0.288356164,0.069,0.268556751,0.382174168
19EF0679,EF,2019-09-18,0.755101205,,1.984863072,0.281626506,0.070525301,0.270373494,0.388221687
19EF0680,EF,2019-09-18,0.744866596,,2.334386302,0.284673426,0.069,0.268893276,0.388839915
19EF0681,EF,2019-09-18,0.740449704,,2.141628058,0.296550296,0.070550296,0.261550296,0.374
19EF0682,EF,2019-09-18,0.777544133,,2.091876121,0.251420561,0.074508827,0.289561786,0.421123572
19EF0683,EF,2019-09-18,0.744911416,,2.727538904,0.295632877,0.066,0.264,0.384455708
19EF0684,EF,2019-09-18,0.767858447,,1.489306432,0.26696347,0.072607306,0.28403653,0.40403653
19EF0685,EF,2019-09-18,0.754699321,,2.469580723,0.283734239,0.068,0.273132881,0.391699321
19EF0686,EF,2019-09-17,0.761210811,,2.588233479,0.261385586,0.069596396,0.273210811,0.421632432
19EF0687,EF,2019-09-17,0.741899885,,2.190149624,0.284449942,0.069,0.265449942,0.396
19EF0688,EF,2019-09-17,0.739863382,,2.26839541,0.292534155,0.068465845,0.257931691,0.380931691
19EF0689,EF,2019-09-17,0.743546667,,2.817258395,0.296986667,0.067906667,0.264373333,0.380746667
19EF0690,EF,2019-09-17,0.757811366,,1.955802863,0.288750907,0.069562273,0.26568682,0.37537364
19EF0691,EF,2019-09-17,0.763528345,,3.054954502,0.265037793,0.069509448,0.278452759,0.406414966
19EF0692,EF,2019-09-17,0.763470163,,1.277252835,0.275549729,0.071509946,0.273,0.387470163
19EF0693,EF,2019-09-16,0.766040181,,3.525112753,0.260919637,0.070510045,0.277550227,0.413080363
19EF0694,EF,2019-09-16,0.742673889,,2.319270306,0.296326111,0.068442037,0.262231853,0.378021668
19EF0695,EF,2019-09-16,0.762564041,,2.91438941,0.274326969,0.070445505,0.278336516,0.394782021
19EF0696,EF,2019-09-16,0.766640232,,1.178100494,0.269589942,0.071,0.277589942,0.393769826
19EF0697,EF,2019-09-16,0.74435628,,2.06695621,0.293793478,0.06964372,0.266850242,0.383987923
19EF0698,EF,2019-09-16,0.762663518,,1.962970266,0.273,0.071,0.278,0.395004723
19EF0699,EF,2019-09-16,0.748,,1.102413101,0.283,0.068,0.273,0.398
19EF0700,EF,2019-09-16,0.76,,2.226387002,0.273,0.069,0.284,0.404
19EF0701,EF,2019-09-13,0.771574895,,2.665493014,0.248275314,0.077,0.287149791,0.391724686
19EF0702,EF,2019-09-13,0.763636364,,2.361142005,0.258181818,0.076,0.283545455,0.383181818
19EF0703,EF,2019-09-13,0.767534597,,2.394840521,0.25374218,0.076465403,0.286327014,0.384584834
19EF0704,EF,2019-09-13,0.76158209,,2.807708366,0.262104478,0.076,0.277104478,0.37841791
19EF0705,EF,2019-09-12,0.770454629,,2.445451765,0.275636114,0.072,0.284515124,0.391545371
19EF0706,EF,2019-09-12,0.769281416,,2.545814948,0.277783186,0.070897345,0.279524779,0.388011504
19EF0707,EF,2019-09-12,0.77797035,,1.608720847,0.260316712,0.072580863,0.291778976,0.405491914
19EF0708,EF,2019-09-12,0.788648276,,3.591045056,0.239231034,0.072587931,0.294236207,0.428768966
19EF0709,EF,2019-09-12,0.773474265,,1.804984673,0.264525735,0.071474265,0.285948529,0.402948529
19EF0710,EF,2019-09-12,0.764518977,,2.786918989,0.267886139,0.068481023,0.290113861,0.416151815
19EF0711,EF,2019-09-12,0.783,,2.220684327,0.258183206,0.072,0.295543893,0.409179389
19EF0712,EF,2019-09-12,0.783798255,,1.935950912,0.244,0.072201745,0.29740349,0.427605234
19EF0713,EF,2019-09-12,0.786649446,,2.258337609,0.243113469,0.075412362,0.298649446,0.42747417
19EF0714,EF,2019-09-12,0.766312877,,2.268229407,0.274798793,0.071262575,0.276150905,0.39077666
19EF0715,EF,2019-09-10,0.78134161,,2.493875683,0.232848459,0.077468322,0.297278253,0.406088185
19EF0716,EF,2019-09-10,0.769,,1.741386171,0.239147668,0.077573834,0.293426166,0.400130829
19EF0717,EF,2019-09-10,0.77907164,,2.921029512,0.224618907,0.077309453,0.305618907,0.418618907
19EF0718,EF,2019-09-10,0.7785,,2.452746112,0.2125,0.076,0.306,0.4325
19EF0719,EF,2019-09-10,0.760801388,,2.693108025,0.269198612,0.074,0.271956635,0.365534258
19EF0720,EF,2019-09-09,0.76,,1.734238296,0.28,0.071,0.263,0.382
19EF0721,EF,2019-09-09,0.766199688,,2.926839601,0.256067083,0.069366615,0.281833073,0.413566303
19EF0722,EF,2019-09-10,0.788846154,,1.608271663,0.213076923,0.078,0.309615385,0.425307692
19EF0723,EF,2019-09-10,0.779968495,,1.841329464,0.224515753,0.078494749,0.303484247,0.415473746
19EF0724,EF,2019-09-10,0.757565564,,2.076154704,0.246973774,0.075,0.288052452,0.397539339
19EF0725,EF,2019-09-10,0.768793814,,1.751971274,0.229206186,0.077448454,0.303793814,0.416139175
19EF0726,EF,2019-09-10,0.788416921,,2.710694529,0.211915396,0.08,0.314667683,0.435752287
19EF0727,EF,2019-09-12,0.759907279,,2.705519156,0.272255633,0.068581456,0.280581456,0.403581456
19EF0728,EF,2019-09-12,0.784809677,,3.257018652,0.243504516,0.073561935,0.294371613,0.42218129
19EF0729,EF,2019-09-12,0.776331288,,3.204063842,0.257668712,0.072,0.290331288,0.414993865
19EF0730,EF,2019-09-12,0.766636719,,0.583362219,0.28934375,0.073527344,0.27265625,0.37009375
19EF0731,EF,2019-09-12,0.754,,1.282750448,0.281,0.07,0.278,0.393
19EF0732,EF,2019-09-12,0.767,,2.957774662,0.275449231,0.069612308,0.278775385,0.394163077
19EF0733,EF,2019-09-12,0.777931373,,1.548286157,0.267833333,0.073078431,0.28254902,0.395941176
19EF0734,EF,2019-09-12,0.787,,3.013795637,0.245855072,0.073592133,0.299960663,0.423552795
19EF0735,EF,2019-09-12,0.78577451,,2.773834083,0.242911765,0.074539216,0.29877451,0.420009804
19EF0736,EF,2019-09-12,0.771,,2.627478433,0.27156766,0.071554043,0.289540426,0.402864681
19EF0737,EF,2019-09-13,0.753570886,,1.90101226,0.268567089,0.076,0.274287342,0.371432911
19EF0738,EF,2019-09-13,0.778868163,,3.079190873,0.236604488,0.078,0.295527349,0.407356942
19EF0739,EF,2019-09-13,0.770529954,,2.431204842,0.243382488,0.076382488,0.290852535,0.401705069
19EF0740,EF,2019-09-13,0.772237358,,2.155123088,0.246965944,0.078,0.288796698,0.390152735
19EF0741,EF,2019-09-16,0.773,,2.589014668,0.264,0.072,0.282,0.399
19EF0742,EF,2019-09-16,0.756,,2.8472365,0.287,0.071,0.27,0.384
19EF0743,EF,2019-09-16,0.764138358,,2.047504618,0.274200225,0.07147694,0.276707537,0.392368954
19EF0744,EF,2019-09-16,0.753511688,,2.779995707,0.288441558,0.068488312,0.267605195,0.383675325
19EF0745,EF,2019-09-16,0.774833058,,2.660454349,0.255917355,0.069604132,0.283645455,0.411895041
19EF0746,EF,2019-09-16,0.755917181,,2.705196916,0.29204141,0.07,0.267,0.371562115
19EF0747,EF,2019-09-16,0.749160369,,2.657612776,0.292919816,0.069,0.265,0.378919816
19EF0748,EF,2019-09-16,0.7666875,,3.061985198,0.267625,0.0694375,0.2765625,0.4068125
19EF0749,EF,2019-09-17,0.752643861,,2.577228487,0.294267104,0.070633552,0.262277413,0.37083224
19EF0750,EF,2019-09-17,0.746387255,,3.031225903,0.289980392,0.067438725,0.268509804,0.389580882
19EF0751,EF,2019-09-17,0.777209395,,2.732450627,0.263632962,0.071578822,0.28047293,0.403788217
19EF0752,EF,2019-09-17,0.73475792,,3.18835219,0.304,0.067417547,0.262329813,0.379989439
19EF0753,EF,2019-09-17,0.746057942,,2.482187151,0.278282717,0.069,0.267144855,0.40028971
19EF0754,EF,2019-09-17,0.74758689,,3.233788061,0.272884146,0.068,0.26758689,0.414528963
19EF0755,EF,2019-09-17,0.755975774,,1.77046591,0.271888291,0.069567968,0.268271871,0.406951548
19EF0756,EF,2019-09-18,0.746478734,,2.502830055,0.302436202,0.068478734,0.264436202,0.375085064
19EF0757,EF,2019-09-18,0.739292247,,2.561048122,0.29806163,0.067451292,0.261292247,0.376487078
19EF0758,EF,2019-09-18,0.754549461,,2.447121556,0.282450539,0.068450539,0.274549461,0.395747307
19EF0759,EF,2019-09-18,0.763599186,,2.269176598,0.273658189,0.071,0.275485249,0.394485249
19EF0760,EF,2019-09-18,0.757,,2.693195909,0.28153304,0.072013216,0.27646696,0.393400881
19EF0761,EF,2019-09-18,0.740474768,,2.460733764,0.298525232,0.068050463,0.259949537,0.375899073
19EF0762,EF,2019-09-18,0.740768199,,2.642740901,0.29544636,0.06755364,0.26389272,0.382678161
19EF0763,EF,2019-09-18,0.745479913,,2.289009019,0.296,0.07,0.267140065,0.381040174
19EF0764,EF,2019-09-18,0.7484222,,2.478730392,0.29414668,0.06864222,0.26528444,0.37743112
19EF0765,EF,2019-09-18,0.7760625,,2.309173445,0.25859375,0.07053125,0.284,0.40646875
19EF0766,EF,2019-09-17,0.718033058,,2.665258658,0.306582645,0.067516529,0.252417355,0.377285124
19EF0767,EF,2019-09-17,0.734,,2.750701141,0.294,0.067606232,0.259787535,0.386787535
19EF0768,EF,2019-09-17,0.738153919,,2.707745543,0.291846081,0.068,0.260576959,0.387576959
19EF0769,EF,2019-09-17,0.753666981,,2.549730655,0.285777358,0.07,0.272111321,0.392222642
19EF0770,EF,2019-09-17,0.757968064,,2.368133641,0.282523952,0.071,0.274476048,0.392968064
19EF0771,EF,2019-09-17,0.749,,2.316174846,0.291617989,0.071691005,0.272691005,0.384926984
19EF0772,EF,2019-09-16,0.752,,1.993046021,0.284,0.07,0.268,0.387
19EF0773,EF,2019-09-16,0.771,,3.530883783,0.259,0.07,0.276128562,0.414
19EF0774,EF,2019-09-16,0.735482422,,2.644967288,0.300482422,0.068,0.261,0.377517578
19EF0775,EF,2019-09-16,0.754468265,,1.699885536,0.291531735,0.070352609,0.271057828,0.383705219
19EF0776,EF,2019-09-16,0.749021368,,1.146960371,0.296965812,0.068,0.262021368,0.373034188
19EF0777,EF,2019-09-16,0.75,,2.433890177,0.291884654,0.069,0.266884654,0.383884654
19EF0778,EF,2019-09-16,0.773535012,,2.810686647,0.262675059,0.071464988,0.285394965,0.406719906
19EF0779,EF,2019-09-16,0.755,,2.34932653,0.293,0.07,0.267,0.38
19EF0780,EF,2019-09-16,0.764,,2.263024739,0.275,0.071,0.276,0.389
19EF0781,EF,2019-09-13,0.774621699,,3.083301877,0.244189151,0.076594575,0.286405425,0.398621699
19EF0782,EF,2019-09-13,0.760473638,,2.661714015,0.256456063,0.074491213,0.283543937,0.386561511
19EF0783,EF,2019-09-13,0.759661871,,2.609716161,0.262611511,0.074532374,0.282194245,0.382388489
19EF0784,EF,2019-09-13,0.771,,2.423988613,0.250172509,0.077,0.285696494,0.390130996
19EF0785,EF,2019-09-12,0.767851662,,2.659067739,0.286222506,0.070462916,0.276851662,0.379462916
19EF0786,EF,2019-09-12,0.768414013,,2.48528261,0.272681529,0.070490446,0.28588535,0.399318471
19EF0787,EF,2019-09-12,0.770717901,,2.388913253,0.271709466,0.072,0.287,0.4
19EF0788,EF,2019-09-12,0.786516854,,2.226387002,0.241848315,0.074505618,0.29738764,0.426269663
19EF0789,EF,2019-09-12,0.775261665,,2.398629284,0.266911253,0.073,0.286392498,0.402654163
19EF0791,EF,2019-09-12,0.770398615,,2.26668656,0.278121662,0.071520277,0.283398615,0.391317507
19EF0792,EF,2019-09-12,0.776269231,,2.272086525,0.261461538,0.072,0.285677885,0.403947115
19EF0793,EF,2019-09-12,0.778,,2.256677583,0.258204611,0.071,0.288393852,0.409787704
19EF0794,EF,2019-09-12,0.785860041,,4.123542144,0.245849899,0.07343002,0.29243002,0.420290061
19EF0795,EF,2019-09-10,0.779783848,,1.810618994,0.220279097,0.079630641,0.311198337,0.427612827
19EF0796,EF,2019-09-10,0.780463186,,3.202755351,0.219044177,0.077,0.302463186,0.416941098
19EF0797,EF,2019-09-10,0.779275292,,2.215694486,0.211449416,0.076,0.308700389,0.429550584
19EF0798,EF,2019-09-10,0.769975445,,2.652710819,0.234561389,0.075487722,0.294487722,0.405975445
19EF0799,EF,2019-09-10,0.786535597,,1.903101939,0.212435926,0.078014239,0.309042716,0.425564074
19EF0800,EF,2019-09-09,0.77368981,,1.973428426,0.251379619,0.07131019,0.283240761,0.414171333
19EF0801,EF,2019-09-09,0.770990291,,1.842667249,0.254507282,0.071502427,0.281492718,0.411990291
19EF0802,EF,2019-09-10,0.776470199,,2.30715212,0.227648061,0.076705771,0.300940397,0.410822138
19EF0803,EF,2019-09-10,0.777021792,,1.798491044,0.209438257,0.077503632,0.307532688,0.430065375
19EF0804,EF,2019-09-10,0.78303681,,2.07200464,0.219247444,0.077339468,0.304055215,0.416092025
19EF0805,EF,2019-09-10,0.779091529,,2.21538201,0.216477118,0.078,0.308,0.426477118
19EF0806,EF,2019-09-12,0.769,,3.622624598,0.265780822,0.071,0.284972603,0.405534247
19EF0807,EF,2019-09-12,0.771,,1.605557034,0.264413649,0.072,0.283413649,0.400586351
19EF0808,EF,2019-09-12,0.771878008,,2.684231771,0.267365975,0.071,0.283756017,0.403390041
19EF0809,EF,2019-09-12,0.764563946,,1.88747817,0.273350792,0.07,0.279085262,0.395691839
19EF0810,EF,2019-09-12,0.774334182,,2.598037394,0.259997455,0.069,0.292668363,0.416670908
19EF0811,EF,2019-09-12,0.77675,,1.95328353,0.264357143,0.072,0.287339286,0.401267857
19EF0812,EF,2019-09-12,0.785759099,,2.414204229,0.249722704,0.073,0.296897747,0.418415945
19EF0813,EF,2019-09-12,0.761930049,,2.359589393,0.273255172,0.069465025,0.283139901,0.404349754
19EF0814,EF,2019-09-12,0.768,,2.636979637,0.2755,0.0695,0.282,0.3985
19EF0815,EF,2019-09-12,0.780522659,,2.128162323,0.254401813,0.072,0.291045317,0.40810574
19EF0816,EF,2019-09-12,0.772881106,,2.406294696,0.271317051,0.07,0.286722581,0.39604424
19EF0817,EF,2019-09-13,0.762,,0.018592284,0.261,0.076,0.275,0.378
19EF0818,EF,2019-09-13,0.747451957,,2.078918158,0.273,0.075,0.277903915,0.373355872
19EF0819,EF,2019-09-13,0.755,,2.473730786,0.269,0.075,0.277,0.372
19EF0820,EF,2019-09-13,0.763058702,,2.246600253,0.254411946,0.076,0.286019567,0.387058702
19EF0821,EF,2019-09-16,0.765,,2.427835966,0.268,0.07,0.279,0.397
19EF0822,EF,2019-09-16,0.758,,2.322922361,0.279,0.071,0.273,0.392
19EF0823,EF,2019-09-16,0.770164087,,2.174740683,0.259781218,0.071527348,0.284582043,0.408218782
19EF0824,EF,2019-09-16,0.74046285,,2.080695362,0.30546285,0.06846285,0.25746285,0.36953715
19EF0825,EF,2019-09-16,0.731339791,,1.760320225,0.307202683,0.063542474,0.254169896,0.368254844
19EF0826,EF,2019-09-16,0.757654737,,2.2481431,0.283345263,0.069448421,0.274345263,0.392345263
19EF0827,EF,2019-09-16,0.749047354,,2.639206024,0.292142061,0.068523677,0.261857939,0.374192201
19EF0828,EF,2019-09-16,0.757675914,,1.876443884,0.272337957,0.069675914,0.272662043,0.396972257
19EF0829,EF,2019-09-16,0.741146402,,2.037300345,0.291033499,0.0693933,0.2643933,0.3807866
19EF0830,EF,2019-09-17,0.744504274,,2.043305731,0.294504274,0.069504274,0.264495726,0.374487179
19EF0831,EF,2019-09-17,0.736408027,,2.30882191,0.301530658,0.066469342,0.264530658,0.382122631
19EF0832,EF,2019-09-17,0.744127849,,2.52104151,0.294222993,0.068,0.266170466,0.38586224
19EF0833,EF,2019-09-17,0.728,,2.140768751,0.297486352,0.067348635,0.258210918,0.384724566
19EF0834,EF,2019-09-17,0.734222222,,1.868602705,0.291611111,0.067388889,0.259388889,0.389611111
19EF0835,EF,2019-09-17,0.734585462,,2.638385776,0.289528487,0.069,0.262414538,0.391357564
19EF0836,EF,2019-09-18,0.783,,2.915707666,0.243,0.072,0.295,0.429550872
19EF0837,EF,2019-09-18,0.739769063,,2.332745806,0.296846405,0.067384532,0.262384532,0.380384532
19EF0838,EF,2019-09-18,0.734871038,,2.368885535,0.30453224,0.067,0.26,0.375064481
19EF0839,EF,2019-09-18,0.765383495,,2.359726101,0.262538835,0.07,0.278538835,0.408616505
19EF0840,EF,2019-09-18,0.736505641,,2.508659674,0.301988718,0.069,0.260022564,0.373528205
19EF0841,EF,2019-09-18,0.74852754,,2.00621881,0.296618115,0.070381885,0.262854345,0.37294492
19EF0842,EF,2019-09-18,0.766472195,,2.337374347,0.263174634,0.072353171,0.283119024,0.409531707
19EF0843,EF,2019-09-18,0.748467719,,1.711954897,0.29651076,0.07,0.262978479,0.372467719
19EF0844,EF,2019-09-18,0.753208406,,2.752087751,0.278180385,0.068402802,0.274014011,0.397416813
19EF0845,EF,2019-09-18,0.769728814,,1.326653237,0.265816949,0.072,0.281,0.398
19EF0846,EF,2019-09-17,0.734995579,,2.926722422,0.286986737,0.068,0.263013263,0.394030946
19EF0847,EF,2019-09-17,0.735362205,,1.969122125,0.288545932,0.068,0.261,0.390545932
19EF0848,EF,2019-09-17,0.718659953,,2.318674649,0.30092891,0.069,0.255035545,0.377035545
19EF0849,EF,2019-09-17,0.753386139,,2.675453166,0.281841584,0.07,0.271158416,0.391089109
19EF0850,EF,2019-09-17,0.749850184,,2.657632306,0.289616728,0.069,0.267766544,0.381682904
19EF0851,EF,2019-09-17,0.751371951,,2.388971842,0.293664634,0.069481707,0.266371951,0.37529878
19EF0852,EF,2019-09-16,0.732454545,,2.356513464,0.302181818,0.067636364,0.254454545,0.367272727
19EF0853,EF,2019-09-16,0.759873514,,2.168940359,0.27568973,0.071,0.273436757,0.39331027
19EF0854,EF,2019-09-16,0.751233825,,2.140094976,0.290021566,0.071,0.262489217,0.372606129
19EF0855,EF,2019-09-16,0.752323684,,2.757116651,0.286088596,0.068441228,0.274470175,0.390940351
19EF0856,EF,2019-09-16,0.753924565,,2.484589305,0.285417795,0.069417795,0.270746615,0.38449323
19EF0857,EF,2019-09-16,0.744,,2.577296841,0.292614937,0.066614937,0.268770126,0.391232784
19EF0858,EF,2019-09-16,0.733538553,,2.193450145,0.300384342,0.067461447,0.260154211,0.379077106
19EF0859,EF,2019-09-16,0.753,,2.351621271,0.285,0.07,0.271,0.39
19EF0860,EF,2019-09-16,0.765,,2.563225685,0.268,0.07,0.276,0.397
19EF0861,EF,2019-09-13,0.768464164,,2.649791127,0.246488055,0.076,0.291047782,0.395559727
19EF0862,EF,2019-09-13,0.766,,2.013063974,0.253,0.076,0.282,0.383
19EF0863,EF,2019-09-13,0.751,,1.704445723,0.26,0.077,0.284,0.388
19EF0864,EF,2019-09-13,0.769,,3.058704206,0.236,0.077,0.291,0.406
19EF0865,EF,2019-09-12,0.746505181,,0.955481324,0.308010363,0.069494819,0.264,0.366505181
19EF0866,EF,2019-09-12,0.764316901,,2.614403291,0.281852113,0.070485915,0.279774648,0.388690141
19EF0867,EF,2019-09-12,0.774,,2.434163593,0.269909338,0.071488667,0.287556664,0.399647325
19EF0868,EF,2019-09-12,0.770913402,,2.16988755,0.272913402,0.071,0.281803093,0.39643299
19EF0869,EF,2019-09-12,0.760185792,,2.571242631,0.281752277,0.067515483,0.272123862,0.387185792
19EF0870,EF,2019-09-12,0.764517751,,2.331642377,0.282940828,0.071494083,0.280047337,0.388106509
19EF0871,EF,2019-09-12,0.786,,2.19416298,0.246202857,0.073,0.298599048,0.420995238
19EF0872,EF,2019-09-12,0.759664938,,2.262350964,0.275669087,0.069,0.278665975,0.401664938
19EF0873,EF,2019-09-12,0.757,,1.9671008,0.282524729,0.071,0.278950543,0.394376357
19EF0874,EF,2019-09-12,0.762900245,,2.831544378,0.280399836,0.069300082,0.273699918,0.387899428
19EF0875,EF,2019-09-12,0.76,,2.233417698,0.286,0.071,0.27,0.382
19EF0876,EF,2019-09-10,0.779577631,,2.925101456,0.22,0.079,0.307,0.421155261
19EF0877,EF,2019-09-10,0.786500491,,2.124402854,0.198000981,0.078500491,0.318,0.444499509
19EF0878,EF,2019-09-10,0.755,,1.892380128,0.238752212,0.076,0.293716814,0.403371681
19EF0879,EF,2019-09-10,0.792451654,,3.18594027,0.18674173,0.077451654,0.318903308,0.459613232
19EF0880,EF,2019-09-09,0.777,,1.964161579,0.241780488,0.070390244,0.290609756,0.426829268
19EF0881,EF,2019-09-09,0.76,,1.919379952,0.254989011,0.069445665,0.281228327,0.41490232
19EF0882,EF,2019-09-10,0.768746514,,2.752693172,0.216871206,0.076,0.30840443,0.428511075
19EF0883,EF,2019-09-10,0.738830084,,1.831105661,0.246339833,0.073415042,0.287660167,0.398905292
19EF0884,EF,2019-09-10,0.758877907,,2.429867056,0.232366279,0.072877907,0.297438953,0.413438953
19EF0885,EF,2019-09-10,0.771728395,,2.166626088,0.225506173,0.078345679,0.302111111,0.414530864
19EF0886,EF,2019-09-12,0,,8.475894377,0,0,0,0
19EF0887,EF,2019-09-12,0.766,,2.152447518,0.266878981,0.073,0.283267516,0.403254777
19EF0888,EF,2019-09-12,0.766953642,,2.061751542,0.265108168,0.070507726,0.286922737,0.409860927
19EF0889,EF,2019-09-12,0.753,,1.84029439,0.285287025,0.070542595,0.274627785,0.389627785
19EF0890,EF,2019-09-12,0.789319231,,2.139557909,0.241226923,0.075386538,0.302,0.425453846
19EF0891,EF,2019-09-12,0.774,,1.975137276,0.263,0.070376536,0.287623464,0.405623464
19EF0892,EF,2019-09-12,0.776101205,,1.814661644,0.260740964,0.070449398,0.289607229,0.409113253
19EF0893,EF,2019-09-12,0.782327713,,2.017135919,0.254229715,0.072,0.290885142,0.409327713
19EF0894,EF,2019-09-12,0.776578652,,1.553354117,0.26,0.071,0.287314607,0.40747191
19EF0895,EF,2019-09-12,0.771642663,,1.641188991,0.276,0.071095109,0.279452446,0.386904891
19EF0896,EF,2019-09-12,0.786936737,,1.874559267,0.249147614,0.074978912,0.297405105,0.414320755
19EF0897,EF,2019-09-13,0.761,,1.960392345,0.248,0.077,0.284,0.395
19EF0898,EF,2019-09-13,0.751,,2.207755658,0.255,0.073,0.284,0.4
19EF0899,EF,2019-09-13,0.753,,1.538804483,0.262,0.076,0.282,0.382
19EF0900,EF,2019-09-13,0.756564293,,2.236864692,0.261435707,0.075435707,0.285,0.384
19EF0901,EF,2019-09-16,0.769,,2.212823618,0.264,0.07,0.277,0.4
19EF0902,EF,2019-09-16,0.743,,2.228496211,0.291,0.069,0.267,0.389
19EF0903,EF,2019-09-16,0.741,,2.35206069,0.311,0.067,0.25,0.366
19EF0904,EF,2019-09-16,0.747750365,,1.687279107,0.295249635,0.068375182,0.26450073,0.381251095
19EF0905,EF,2019-09-16,0.774704012,,2.906177167,0.254267979,0.07,0.282028009,0.411056018
19EF0906,EF,2019-09-16,0.746878788,,1.957580066,0.300121212,0.069,0.265409091,0.372939394
19EF0907,EF,2019-09-16,0.753940928,,2.2777892,0.280236287,0.068470464,0.270293249,0.392586498
19EF0908,EF,2019-09-16,0.75900551,,2.562717912,0.274501377,0.071,0.272997245,0.395997245
19EF0909,EF,2019-09-16,0.754131635,,2.2616186,0.284907643,0.07,0.267960722,0.385789809
19EF0910,EF,2019-09-17,0.759355717,,2.58954197,0.277740472,0.068451906,0.275355717,0.397807623
19EF0911,EF,2019-09-17,0.747562836,,2.294926521,0.293251343,0.069,0.267311493,0.380622986
19EF0912,EF,2019-09-17,0.748592105,,2.612079256,0.287960526,0.069,0.266815789,0.386631579
19EF0913,EF,2019-09-17,0.754430813,,1.680961246,0.275196862,0.072,0.26874465,0.393489301
19EF0914,EF,2019-09-17,0.756557357,,1.906500108,0.26865586,0.071,0.269,0.405458853
19EF0915,EF,2019-09-17,0.736433985,,2.105273502,0.289566015,0.068477995,0.261433985,0.389389976
19EF0916,EF,2019-09-18,0.751802446,,2.576300826,0.286746943,0.069,0.272802446,0.389253057
19EF0917,EF,2019-09-18,0.761210878,,2.443664797,0.26522042,0.068357824,0.276210878,0.402706107
19EF0918,EF,2019-09-18,0.73729697,,2.116337083,0.304648485,0.068351515,0.259054545,0.372
19EF0919,EF,2019-09-18,0.744104,,2.186438979,0.284656,0.070896,0.271896,0.39224
19EF0920,EF,2019-09-18,0.746757644,,2.183548582,0.286363533,0.069,0.270636467,0.389712344
19EF0921,EF,2019-09-18,0.749110196,,2.378855452,0.286555098,0.070555098,0.266444902,0.383224511
19EF0922,EF,2019-09-18,0.743159317,,1.763132503,0.282840683,0.07,0.268866287,0.39258606
19EF0923,EF,2019-09-18,0.750085607,,2.594121687,0.281828786,0.069542803,0.274714017,0.395342427
19EF0924,EF,2019-09-18,0.750165274,,2.627449138,0.282669452,0.067458682,0.272165274,0.394954503
19EF0925,EF,2019-09-18,0.744450139,,1.801684152,0.293549861,0.069450139,0.269,0.382099723
19EF0926,EF,2019-09-17,0.74053125,,2.270172613,0.281125,0.069,0.264,0.3958125
19EF0927,EF,2019-09-17,0.739,,2.439036255,0.285952978,0.069,0.258570533,0.385664577
19EF0928,EF,2019-09-17,0.74186049,,2.366932564,0.285430245,0.069,0.262569755,0.390709265
19EF0929,EF,2019-09-17,0.741931555,,2.17224088,0.293654292,0.069,0.265931555,0.381483759
19EF0930,EF,2019-09-17,0.730046703,,1.919047947,0.305243132,0.068476648,0.264093407,0.377756868
19EF0931,EF,2019-09-17,0.749080952,,2.058158076,0.287,0.068040476,0.270959524,0.391358333
19EF0932,EF,2019-09-16,0.758,,1.866845031,0.276513924,0.070621519,0.272864557,0.394350633
19EF0933,EF,2019-09-16,0.752585297,,2.563342863,0.278414703,0.069585297,0.273170594,0.396585297
19EF0934,EF,2019-09-16,0.749207529,,2.537114462,0.280012548,0.06840251,0.271779923,0.399157336
19EF0935,EF,2019-09-16,0.756030896,,2.313235625,0.288953656,0.068492276,0.270030896,0.379554068
19EF0936,EF,2019-09-16,0.763198925,,2.580558303,0.274774194,0.07,0.274569892,0.390139785
19EF0937,EF,2019-09-16,0.779860507,,2.373191836,0.253860507,0.072430254,0.285569746,0.414
19EF0938,EF,2019-09-16,0.74872922,,2.863377806,0.283179092,0.068183376,0.265908312,0.39127078
19EF0939,EF,2019-09-16,0.741,,2.407700835,0.299,0.069,0.263,0.382
19EF0941,EF,2019-09-13,0.758828802,,2.338516835,0.262427996,0.075,0.283200403,0.382943605
19EF0942,EF,2019-09-13,0.764083975,,2.990184217,0.244108629,0.075397535,0.283590139,0.392493837
19EF0943,EF,2019-09-13,0,,-0.175767395,0,0,0,0
19EF0944,EF,2019-09-13,0.756591837,,1.397585146,0.250755102,0.07644898,0.281346939,0.392346939
19EF0945,EF,2019-09-12,0.771007239,,2.162290492,0.275488108,0.071500517,0.283506722,0.392510858
19EF0946,EF,2019-09-12,0.773318673,,2.868709417,0.262826389,0.072,0.290927469,0.408782407
19EF0947,EF,2019-09-12,0.781353579,,1.968516704,0.256353579,0.073,0.293414317,0.411060738
19EF0948,EF,2019-09-12,0.78,,2.017223802,0.250705005,0.071470714,0.293353568,0.416177849
19EF0949,EF,2019-09-12,0.771171488,,3.244461048,0.268047521,0.071463499,0.285098485,0.402879477
19EF0950,EF,2019-09-12,0.774782755,,1.963897928,0.261445689,0.071,0.289445689,0.408217245
19EF0951,EF,2019-09-12,0.785362035,,3.213027979,0.245913894,0.071637965,0.295637965,0.422
19EF0952,EF,2019-09-12,0.764456635,,2.201144851,0.272,0.07,0.282456635,0.402086729
19EF0953,EF,2019-09-12,0.761248625,,2.119217716,0.270231023,0.069341034,0.282474147,0.404971397
19EF0954,EF,2019-09-12,0.773,,2.639996977,0.252123426,0.072374475,0.286374475,0.416876574
19EF0955,EF,2019-09-12,0.758,,2.145690238,0.277,0.073,0.277,0.393
19EF0956,EF,2019-09-10,0.780319431,,2.263132153,0.21856019,0.077,0.303879621,0.42
19EF0957,EF,2019-09-10,0.783144995,,2.26366922,0.203289991,0.077427502,0.311282507,0.439137512
19EF0958,EF,2019-09-10,0.760996727,,2.851943161,0.240006547,0.076,0.291998363,0.39999509
19EF0959,EF,2019-09-10,0.768358744,,2.017653456,0.215098655,0.07538565,0.308071749,0.431829596
19EF0960,EF,2019-09-09,0.77063012,,1.859003852,0.233283133,0.071,0.29063012,0.434260241
,EF,2019-09-09,0.75,,1.674672679,0.269,0.066,0.277,0.414
,EF,2019-09-09,0.782351598,,1.861767306,0.230885845,0.070940639,0.298821918,0.439054795
,EF,2019-09-16,0.771975871,,2.491590707,0.260024129,0.07067471,0.283650581,0.410301162
,EF,2019-09-16,0.751125628,,1.934456889,0.27281407,0.069437186,0.267934673,0.394683417
,EF,2019-09-16,0.759925701,,3.092119541,0.267378317,0.06938514,0.274466262,0.406932525
,EF,2019-09-17,0.767569643,,2.542006654,0.266151786,0.069430357,0.280708929,0.409696429
,EF,2019-09-17,0.764593005,,2.89178377,0.268703498,0.07,0.276296502,0.402593005
,EF,2019-09-17,0.752,,2.2400578,0.279966486,0.069,0.267,0.387457297
,EF,2019-09-17,0.760343272,,3.060998947,0.276125382,0.069468654,0.271874618,0.397811927
,EF,2019-09-17,0.761487825,,2.869373427,0.268040584,0.07,0.270471591,0.410935065
,EF,2019-09-10,0.777835804,,1.902564872,0.211695553,0.076367161,0.302937286,0.428671608
,EF,2019-09-17,0.756484318,,3.260094581,0.270327498,0.069484318,0.269094092,0.410282276
,EF,2019-09-17,0.74232799,,2.040581336,0.277770654,0.068442663,0.25832799,0.39767201
,EF,2019-09-18,0.761721805,,3.094580284,0.278909774,0.069338346,0.273398496,0.388766917
,EF,2019-09-18,0.771800331,,2.689602442,0.261199669,0.070400166,0.284400166,0.411
,EF,2019-09-18,0.764748148,,3.101220386,0.269453333,0.07,0.275647407,0.40282
,EF,2019-09-18,0.757751152,,2.053275648,0.267437788,0.069,0.273313364,0.400437788
,EF,2019-09-18,0.762789142,,2.94405504,0.268579072,0.069473643,0.273368214,0.400789142
,EF,2019-09-10,0.786,,2.187893943,0.203831901,0.077,0.31386724,0.440035339
,EF,2019-09-10,0.784956989,,2.343448087,0.208172043,0.077318996,0.308551971,0.433422939
,EF,2019-09-12,0.765457672,,1.731445548,0.246084656,0.069542328,0.288542328,0.427457672
,EF,2019-09-12,0.777704563,,2.806692821,0.245869296,0.071,0.292278422,0.426982985
,EF,2019-09-12,0.778900369,,2.340362393,0.254848708,0.070450185,0.291701107,0.412501845
,EF,2019-09-12,0.780263809,,2.602724524,0.254893652,0.071,0.292842539,0.414527617
,EF,2019-09-12,0.775962199,,1.909859219,0.251,0.0704811,0.289443299,0.416
,EF,2019-09-12,0.784652344,,2.153306825,0.242347656,0.072,0.296,0.426304688
,EF,2019-09-12,0.781714286,,1.95461155,0.249428571,0.072,0.293,0.417571429
,EF,2019-09-09,0.776359307,,2.017848753,0.235337662,0.069471861,0.29530303,0.437606061
,EF,2019-09-12,0.779316184,,2.010564171,0.249025723,0.071329046,0.293316184,0.42064523
,EF,2019-09-12,0.77574277,,1.438724481,0.264954338,0.070697108,0.282045662,0.392651446
,EF,2019-09-12,0.774922717,,1.876961421,0.261693208,0.071,0.285461358,0.403845433
,EF,2019-09-13,0.775558659,,1.961515303,0.237726257,0.076039106,0.291195531,0.404351955
,EF,2019-09-13,0.777086345,,2.168012697,0.232740964,0.076456827,0.293086345,0.412345382
,EF,2019-09-13,0.773330935,,1.84596777,0.23522542,0.075443645,0.288661871,0.401218225
,EF,2019-09-13,0.770167579,,2.049027936,0.243167579,0.076,0.28958379,0.40041621
,EF,2019-09-16,0.774,,2.195823005,0.253,0.071,0.288,0.414
,EF,2019-09-16,0.772,,2.063860751,0.259,0.071,0.284,0.408
,EF,2019-09-16,0.769098131,,1.930043174,0.250754673,0.07,0.284573598,0.418720794
,EF,2019-09-10,0.772411846,,1.613437272,0.207588154,0.076,0.303176309,0.432176309
,EF,2019-09-16,0.773585578,,2.544750579,0.249138141,0.070861859,0.28843093,0.42356907
,EF,2019-09-16,0.774918107,,2.415483425,0.261286624,0.07,0.286795268,0.409590537
,EF,2019-09-09,0.77431052,,1.738818014,0.225413181,0.071,0.290276299,0.442863118
,EF,2019-09-09,0.752949537,,2.868357882,0.265893188,0.067421362,0.269421362,0.399264087
,EF,2019-09-09,0.750169942,,2.110214519,0.268536416,0.067397688,0.262930636,0.391031214
,EF,2019-09-09,0.752521998,,2.032349563,0.248575505,0.068,0.284804994,0.42908799
,EF,2019-09-09,0.775446619,,2.464629941,0.226142349,0.071,0.290928826,0.441822064
,EF,2019-09-09,0.772093931,,3.08005018,0.227983382,0.069453035,0.290375723,0.443845376
,EF,2019-09-09,0.774892754,,2.275074571,0.22566087,0.071482126,0.291410628,0.44333913
,EF,2019-09-09,0.75699842,,3.004060076,0.251206951,0.069,0.282595577,0.423990521
,EF,2019-09-09,0.775110828,,3.44773604,0.22877707,0.07,0.291778344,0.443001274
,EF,2019-09-09,0.76,,1.85141656,0.267,0.068,0.268,0.396
,EF,2019-09-09,0.759034931,,2.89652949,0.253,0.068482535,0.282517465,0.422034931
,EF,2019-09-09,0.77,,2.578312386,0.224,0.069,0.287489547,0.439986063
,EF,2019-09-09,0.777488889,,1.564407934,0.226644444,0.071,0.290488889,0.438166667
,EF,2019-09-09,0.76654561,,2.674027498,0.22,0.068,0.29054561,0.45
,EF,2019-09-09,0.775458432,,2.769273896,0.223574822,0.069491686,0.293950119,0.446900238
,EF,2019-09-16,0.767,,2.825812408,0.264,0.07,0.28,0.403
,EF,2019-09-09,0.759826211,,2.469561193,0.245586895,0.069,0.287586895,0.431173789
,EF,2019-09-16,0.769,,2.127107719,0.262,0.07,0.281,0.405
,EF,2019-09-09,0.754413793,,2.920902569,0.263287356,0.067,0.273827586,0.404597701
,EF,2019-09-16,0.752,,2.501599683,0.286,0.068,0.263,0.375
,EF,2019-09-09,0.775744387,,2.535815736,0.219819516,0.070436097,0.297872193,0.45030829
,EF,2019-09-09,0.775100264,,2.496980907,0.226432718,0.069366755,0.292467018,0.444567282
,EF,2019-09-16,0.765528571,,2.564329113,0.266,0.069528571,0.281942857,0.4103
,EF,2019-09-16,0.753174408,,2.542778078,0.266868246,0.069,0.269174408,0.402131754
,EF,2019-09-16,0.758267265,,2.631940971,0.274155157,0.069577578,0.271422422,0.398422422
,EF,2019-09-16,0.760059301,,2.884216007,0.268528838,0.06958814,0.273823721,0.403883022
,EF,2019-09-17,0.759284192,,2.646724962,0.27628952,0.069,0.273284192,0.39571048
,EF,2019-09-17,0.749451741,,2.458800323,0.277193035,0.069,0.267903483,0.393903483
,EF,2019-09-17,0.756391459,,2.673773611,0.276206406,0.068402135,0.271402135,0.400391459
,EF,2019-09-17,0.754424066,,2.889606207,0.267031535,0.069,0.269120332,0.410088797
,EF,2019-09-12,0.785117586,,2.016462144,0.252,0.073,0.292558793,0.407558793
,EF,2019-09-17,0.753,,3.12825927,0.271898998,0.069,0.265840401,0.406101002
,EF,2019-09-17,0.740454719,,2.658608791,0.276090562,0.069,0.258454719,0.398909438
,EF,2019-09-18,0.7691059,,2.980643953,0.263261725,0.07,0.282632375,0.408791225
,EF,2019-09-18,0.767859676,,2.940061215,0.260745567,0.070535081,0.281324595,0.413114109
,EF,2019-09-18,0.770036165,,2.669975083,0.259373423,0.07,0.284554247,0.415180824
,EF,2019-09-18,0.760354805,,2.216075315,0.259935586,0.07,0.276,0.410709609
,EF,2019-09-18,0.763561083,,3.156118402,0.264755669,0.07,0.278,0.406244331
,EF,2019-09-16,0,,-0.019529711,0,0,0,0
,EF,2019-09-10,0.78137253,,2.160483994,0.203882411,0.077,0.311,0.438745059
,EF,2019-09-12,0.77,,2.185276961,0.259,0.07,0.285,0.414
,EF,2019-09-12,0.760749245,,2.319895256,0.255504532,0.069625378,0.279873112,0.416495468
,EF,2019-09-12,0.760014241,,2.962090728,0.273085443,0.06950712,0.279421677,0.399336234
,EF,2019-09-12,0.789102041,,0.201820029,0.216428571,0.071,0.308285714,0.461755102
,EF,2019-09-12,0.770711457,,1.582951394,0.268019802,0.071288543,0.291980198,0.405671853
,EF,2019-09-12,0.768249284,,2.369373778,0.261835721,0.069,0.282832856,0.404914995
,EF,2019-09-12,0.78153748,,2.675101632,0.25138756,0.07046252,0.29453748,0.42207496
,EF,2019-09-12,0.77777865,,2.764528176,0.24988697,0.071,0.29289011,0.42322449
,EF,2019-09-10,0.78124086,,0.993310373,0.207415054,0.075,0.308378495,0.434696774
,EF,2019-09-12,0.778531172,,2.601621096,0.257613466,0.070882793,0.288738155,0.410269327
,EF,2019-09-12,0.768814815,,2.194280158,0.260916667,0.069546296,0.282268519,0.405537037
,EF,2019-09-12,0.777974093,,2.51060288,0.259841105,0.071,0.289184801,0.410474957
,EF,2019-09-13,0.762792368,,2.063821692,0.250253648,0.075315376,0.278215488,0.387854097
,EF,2019-09-13,0.765,,1.85644546,0.25,0.075,0.282,0.391
,EF,2019-09-13,NA,,NA,NA,NA,NA,NA
,EF,2019-09-13,0.769795377,,2.625564521,0.249204623,0.075,0.285677226,0.393590753
,EF,2019-09-13,0,,10.96593247,0,0,0,0
,EF,2019-09-16,0.743,,3.22479463,0.305,0.07,0.256,0.369
,EF,2019-09-16,0,,11.10264045,0,0,0,0
,EF,2019-09-10,0.77017868,,2.210509348,0.208320812,0.075,0.300928934,0.430036548
,EF,2019-09-16,0.774405858,,2.632458509,0.254874477,0.071468619,0.284188285,0.416845188
,EF,2019-09-16,0.771649194,,2.764967595,0.256992742,0.07,0.285828226,0.418126613
,EF,2019-09-09,0.762347059,,2.761569425,0.228917647,0.067,0.284694118,0.441123529
,EF,2019-09-09,0.774099325,,2.287505231,0.221633558,0.070366442,0.293366442,0.451366442
,EF,2019-09-09,0.752559505,,3.12658948,0.268332303,0.067,0.269097372,0.397194745
,EF,2019-09-09,0.768890026,,2.647174146,0.234549872,0.069,0.287670077,0.437340153
,EF,2019-09-09,0.750497577,,3.016207556,0.273882068,0.067625202,0.264620355,0.387615509
,EF,2019-09-09,0.756998335,,2.849824187,0.262500416,0.068499584,0.275499584,0.406500416
,EF,2019-09-09,0.760966052,,2.406489993,0.24,0.068,0.281932105,0.428932105