plot_id,row,range,y,x,z
001.01A,1,1,40.06193809,-88.20680603,604.84057
001.02A,1,2,40.06197958,-88.20680632,604.74928
001.03A,1,3,40.0620189,-88.20680601,604.63503
001.04A,1,4,40.06206292,-88.20680542,604.64347
001.05A,1,5,40.06210311,-88.20680511,604.57518
001.06A,1,6,40.06214476,-88.20680527,604.41992
001.07A,1,7,40.06218594,-88.20680581,604.49318
001.08A,1,8,40.06222755,-88.20680564,604.54313
001.09A,1,9,40.06226674,-88.20680502,604.63362
001.10A,1,10,40.06230829,-88.20680553,604.76654
001.11A,1,11,40.06235085,-88.20680605,604.74786
001.12A,1,12,40.06239307,-88.20680608,604.72799
001.13A,1,13,40.06243355,-88.20680612,604.71407
001.14A,1,14,40.06247368,-88.20680559,604.75109
001.15A,1,15,40.06251463,-88.20680537,604.75748
001.16A,1,16,40.06255613,-88.20680608,604.69141
001.17A,1,17,40.06259737,-88.20680579,604.71332
001.18A,1,18,40.06263854,-88.20680594,604.59153
001.19A,1,19,40.06267856,-88.20680555,604.42644
001.20A,1,20,40.06271971,-88.20680604,604.41601
001.21A,1,21,40.06276469,-88.20680592,604.30226
001.22A,1,22,40.06280323,-88.2068059,604.2242
001.23A,1,23,40.06284574,-88.20680599,604.26938
001.24A,1,24,40.0628857,-88.20680556,604.46383
001.25A,1,25,40.06292625,-88.20680552,604.39535
001.26A,1,26,40.06296753,-88.20680556,604.27838
005.01A,5,1,40.06193669,-88.20677177,604.72719
005.02A,5,2,40.0619767,-88.20677092,604.65314
005.03A,5,3,40.06201816,-88.20677097,604.55844
005.04A,5,4,40.06206065,-88.20677102,604.44739
005.05A,5,5,40.0621005,-88.20677103,604.60816
005.06A,5,6,40.06214108,-88.20677057,604.43442
005.07A,5,7,40.06218436,-88.20677088,604.43045
005.08A,5,8,40.06222413,-88.20677138,604.48193
005.09A,5,9,40.06226662,-88.20677078,604.61655
005.10A,5,10,40.0623058,-88.20677087,604.75809
005.11A,5,11,40.06234753,-88.20677083,604.7147
005.12A,5,12,40.0623884,-88.20677078,604.68074
005.13A,5,13,40.06242867,-88.20677078,604.78771
005.14A,5,14,40.06247067,-88.2067702,604.87045
005.15A,5,15,40.06251131,-88.20677092,604.82927
005.16A,5,16,40.06255355,-88.20677071,604.7588
005.17A,5,17,40.06259359,-88.20677108,604.71419
005.18A,5,18,40.06263575,-88.20677093,604.54112
005.19A,5,19,40.06267606,-88.20677101,604.4549
005.20A,5,20,40.0627215,-88.20677083,604.40728
005.21A,5,21,40.06276031,-88.20677019,604.31138
005.22A,5,22,40.06280133,-88.20677009,604.25436
005.23A,5,23,40.0628426,-88.20677018,604.3561
005.24A,5,24,40.06288232,-88.20677046,604.44798
005.25A,5,25,40.0629239,-88.20677024,604.39273
005.26A,5,26,40.06296934,-88.20677047,604.25007
009.01A,9,1,40.06193972,-88.20673483,604.77975
009.02A,9,2,40.06197992,-88.20673385,604.6715
009.03A,9,3,40.06202253,-88.20673408,604.56672
009.04A,9,4,40.06206277,-88.20673432,604.53403
009.05A,9,5,40.0621042,-88.20673429,604.38992
009.06A,9,6,40.06214513,-88.20673414,604.28085
009.07A,9,7,40.06218679,-88.20673447,604.18362
009.08A,9,8,40.06222663,-88.20673485,604.33767
009.09A,9,9,40.06226872,-88.20672152,604.5256
009.10A,9,10,40.06230851,-88.20673374,604.56576
009.11A,9,11,40.06234875,-88.20673402,604.56109
009.12A,9,12,40.06239058,-88.20673511,604.46711
009.13A,9,13,40.06243514,-88.20673407,604.55503
009.14A,9,14,40.06247298,-88.20673414,604.54711
009.15A,9,15,40.06251387,-88.20673464,604.56524
009.16A,9,16,40.06255647,-88.20673418,604.43392
009.17A,9,17,40.06259872,-88.20673469,604.45074
009.18A,9,18,40.06264133,-88.20673437,604.37414
009.19A,9,19,40.06268128,-88.20673445,604.20948
009.20A,9,20,40.0627219,-88.20673435,604.27141
009.21A,9,21,40.0627633,-88.20673407,604.19805
009.22A,9,22,40.06280486,-88.20673451,604.15118
009.23A,9,23,40.0628444,-88.2067344,604.27021
009.24A,9,24,40.06288462,-88.20673445,604.38515
009.25A,9,25,40.06292487,-88.20673363,604.33092
009.26A,9,26,40.06296908,-88.20673364,604.23565
013.01A,13,1,40.06193629,-88.20670029,604.56123
013.02A,13,2,40.061978,-88.20669934,604.45873
013.03A,13,3,40.06202039,-88.20669925,604.33914
013.04A,13,4,40.06205992,-88.20669928,604.34876
013.05A,13,5,40.0621016,-88.20669891,604.31617
013.06A,13,6,40.06214284,-88.20669889,604.26342
013.07A,13,7,40.06218419,-88.20669895,604.18628
013.08A,13,8,40.06222546,-88.20669878,604.33299
013.09A,13,9,40.06226612,-88.20669919,604.44847
013.10A,13,10,40.0623071,-88.20669888,604.6066
013.11A,13,11,40.06234769,-88.20669923,604.54896
013.12A,13,12,40.06239006,-88.20669893,604.51896
013.13A,13,13,40.0624306,-88.20669915,604.59238
013.14A,13,14,40.06247033,-88.20669892,604.60393
013.15A,13,15,40.06251392,-88.20669951,604.60359
013.16A,13,16,40.06255475,-88.20669917,604.43674
013.17A,13,17,40.06259352,-88.20669911,604.50026
013.18A,13,18,40.0626393,-88.20669889,604.28397
013.19A,13,19,40.06267672,-88.20669908,604.16712
013.20A,13,20,40.06271761,-88.20669874,604.25338
013.21A,13,21,40.06275905,-88.20669904,604.33617
013.22A,13,22,40.06280126,-88.20669975,604.22026
013.23A,13,23,40.06284147,-88.20669941,604.27541
013.24A,13,24,40.0628822,-88.20669946,604.29709
013.25A,13,25,40.06292298,-88.20669936,604.32199
013.26A,13,26,40.0629646,-88.20669916,604.07801
017.01A,17,1,40.06193962,-88.20666277,604.44101
017.02A,17,2,40.06198029,-88.20666226,604.33321
017.03A,17,3,40.06202069,-88.20666255,604.27988
017.04A,17,4,40.0620638,-88.206662,604.05628
017.05A,17,5,40.06210519,-88.20666209,604.25676
017.06A,17,6,40.06214558,-88.20666235,604.01597
017.07A,17,7,40.06218751,-88.20666245,604.12981
017.08A,17,8,40.06222791,-88.20666193,604.17408
017.09A,17,9,40.06226908,-88.20666296,604.16416
017.10A,17,10,40.06231,-88.20666261,604.3699
017.11A,17,11,40.06235022,-88.20666162,604.26895
017.12A,17,12,40.06239338,-88.20666176,604.35441
017.13A,17,13,40.06243304,-88.20666131,604.39488
017.14A,17,14,40.06247565,-88.20666208,604.40553
017.15A,17,15,40.06251526,-88.20666239,604.34247
017.16A,17,16,40.0625566,-88.2066627,604.28011
017.17A,17,17,40.06259817,-88.20666277,604.24865
017.18A,17,18,40.06263949,-88.20666275,604.12448
017.19A,17,19,40.06268117,-88.20666282,604.10415
017.20A,17,20,40.06272278,-88.20666287,604.17269
017.21A,17,21,40.06276308,-88.20666258,604.09622
017.22A,17,22,40.06280361,-88.20666274,604.09159
017.23A,17,23,40.06284642,-88.20666244,604.16803
017.24A,17,24,40.06288506,-88.20666165,604.33476
017.25A,17,25,40.06292679,-88.20666258,604.30719
017.26A,17,26,40.06296806,-88.20666213,604.04197
017.89A,17,89,40.06226919,-88.20666218,604.1421
021.01A,21,1,40.06193663,-88.20662774,604.36871
021.02A,21,2,40.06197891,-88.20662737,604.34768
021.03A,21,3,40.06202156,-88.20662749,604.19295
021.04A,21,4,40.06206086,-88.20662718,604.1975
021.05A,21,5,40.06210025,-88.20662784,604.10998
021.06A,21,6,40.06214153,-88.20662776,604.0839
021.07A,21,7,40.06218355,-88.2066277,604.01744
021.08A,21,8,40.06222762,-88.20662766,604.12671
021.09A,21,9,40.06226674,-88.20662799,604.28161
021.10A,21,10,40.06230707,-88.20662735,604.35673
021.11A,21,11,40.06234904,-88.20662755,604.33079
021.12A,21,12,40.0623898,-88.20662767,604.45006
021.13A,21,13,40.06243055,-88.20662801,604.47718
021.14A,21,14,40.06247225,-88.20662804,604.45031
021.15A,21,15,40.06251311,-88.20662784,604.42436
021.16A,21,16,40.06255369,-88.20662761,604.40849
021.17A,21,17,40.06259423,-88.20662771,604.3346
021.18A,21,18,40.06263829,-88.20662768,604.22146
021.19A,21,19,40.06267745,-88.20662734,604.08212
021.20A,21,20,40.06271765,-88.20662766,604.01824
021.21A,21,21,40.06276084,-88.20662757,603.90697
021.22A,21,22,40.06280045,-88.20662772,603.99927
021.23A,21,23,40.06284308,-88.20662768,604.16236
021.24A,21,24,40.06288304,-88.20662778,604.27961
021.25A,21,25,40.06292389,-88.20662786,604.24888
021.26A,21,26,40.06296638,-88.20662752,604.07302
025.01A,25,1,40.06194024,-88.20659088,604.19915
025.02A,25,2,40.06197959,-88.20659098,604.05931
025.03A,25,3,40.06202191,-88.20659009,604.03781
025.04A,25,4,40.06206302,-88.20659073,604.01145
025.05A,25,5,40.0621047,-88.20659083,604.14085
025.06A,25,6,40.06214292,-88.20659107,603.98301
025.07A,25,7,40.0621855,-88.20659106,603.94524
025.08A,25,8,40.06222838,-88.20659078,604.06099
025.09A,25,9,40.06226883,-88.20659092,604.13466
025.10A,25,10,40.06230972,-88.20659067,604.23906
025.11A,25,11,40.06234952,-88.20659057,604.18056
025.12A,25,12,40.06238979,-88.20659079,604.13565
025.13A,25,13,40.06243323,-88.20659054,604.10054
025.14A,25,14,40.06247333,-88.20659159,604.19229
025.15A,25,15,40.06251444,-88.20659107,604.24074
025.16A,25,16,40.06255703,-88.20659148,604.31567
025.17A,25,17,40.06259702,-88.20659141,604.23139
025.18A,25,18,40.06263773,-88.2065915,604.11181
025.19A,25,19,40.06267991,-88.2065914,604.09525
025.20A,25,20,40.06272005,-88.20659097,604.12118
025.21A,25,21,40.06276245,-88.20659164,604.1773
025.22A,25,22,40.06280201,-88.20659085,604.13734
025.23A,25,23,40.06284354,-88.20659093,604.23169
025.24A,25,24,40.06288568,-88.20659115,604.15855
025.25A,25,25,40.06292896,-88.20659091,604.15606
025.26A,25,26,40.06296819,-88.20658323,604.10414
029.01A,29,1,40.06193731,-88.20655574,604.00313
029.02A,29,2,40.06197878,-88.2065572,603.85228
029.03A,29,3,40.06201983,-88.20655882,603.85255
029.04A,29,4,40.06206079,-88.20655907,603.85108
029.05A,29,5,40.06210076,-88.20655745,603.93437
029.06A,29,6,40.06214422,-88.20655542,603.77689
029.07A,29,7,40.06218573,-88.20655589,603.84671
029.08A,29,8,40.06222755,-88.20655628,603.80269
029.09A,29,9,40.06226734,-88.20655568,603.83144
029.10A,29,10,40.06230878,-88.20655621,603.91839
029.11A,29,11,40.06234886,-88.206556,603.98335
029.12A,29,12,40.06239106,-88.20655606,603.98857
029.13A,29,13,40.06243245,-88.20655608,603.94811
029.14A,29,14,40.06247432,-88.20655639,603.97671
029.15A,29,15,40.06251389,-88.2065554,604.0736
029.16A,29,16,40.06255753,-88.20655682,604.00726
029.17A,29,17,40.06259623,-88.20655558,604.0121
029.18A,29,18,40.06263702,-88.20655627,603.9605
029.19A,29,19,40.06267956,-88.20655493,603.83646
029.20A,29,20,40.06271767,-88.20654757,603.86383
029.21A,29,21,40.06276372,-88.20655793,603.77987
029.22A,29,22,40.06280195,-88.2065563,603.86031
029.23A,29,23,40.06284313,-88.20655593,604.04163
029.24A,29,24,40.06288423,-88.20655623,604.24935
029.25A,29,25,40.06292516,-88.20655636,604.192
029.26A,29,26,40.06296967,-88.20655719,603.97608
033.01A,33,1,40.06194016,-88.20651956,603.88119
033.02A,33,2,40.06198018,-88.20651951,603.76152
033.03A,33,3,40.0620207,-88.20651911,603.69756
033.04A,33,4,40.06206412,-88.20651967,603.62818
033.05A,33,5,40.0621042,-88.20651877,603.5612
033.06A,33,6,40.06214601,-88.20651978,603.56038
033.07A,33,7,40.06218809,-88.20651935,603.58217
033.08A,33,8,40.06222728,-88.20651911,603.70256
033.09A,33,9,40.06226896,-88.20651982,603.68544
033.10A,33,10,40.06230843,-88.20651866,603.8453
033.11A,33,11,40.06235206,-88.20651933,603.75322
033.12A,33,12,40.06239217,-88.20651956,603.78441
033.13A,33,13,40.0624338,-88.20651927,603.88156
033.14A,33,14,40.06247434,-88.20651961,603.91493
033.15A,33,15,40.0625157,-88.20651946,603.95892
033.16A,33,16,40.06255745,-88.20651915,603.95104
033.17A,33,17,40.06259702,-88.20652001,603.8583
033.18A,33,18,40.06263904,-88.20651904,603.71179
033.19A,33,19,40.06268202,-88.20651923,603.83606
033.20A,33,20,40.06272014,-88.20651928,603.85795
033.21A,33,21,40.06276219,-88.20651968,603.68973
033.22A,33,22,40.06280415,-88.2065196,603.72113
033.23A,33,23,40.06284453,-88.2065193,603.82255
033.24A,33,24,40.0628862,-88.20651882,603.93437
033.25A,33,25,40.06292643,-88.20651929,604.27443
033.26A,33,26,40.06296772,-88.20651912,604.14067
037.01A,37,1,40.06193797,-88.20648427,604.00794
037.02A,37,2,40.06197918,-88.20648447,603.80823
037.03A,37,3,40.0620207,-88.20648415,603.7435
037.04A,37,4,40.06206159,-88.20648411,603.74068
037.05A,37,5,40.06210138,-88.20648421,603.64851
037.06A,37,6,40.0621444,-88.20648383,603.55851
037.07A,37,7,40.06218651,-88.20648442,603.54911
037.08A,37,8,40.06222643,-88.20648466,603.65975
037.09A,37,9,40.06226689,-88.20648502,603.75291
037.10A,37,10,40.06230669,-88.20648478,603.87647
037.11A,37,11,40.06234902,-88.20648409,603.87047
037.12A,37,12,40.06239031,-88.20648413,603.8011
037.13A,37,13,40.06243197,-88.20648398,603.83898
037.14A,37,14,40.06247368,-88.20648531,603.75538
037.15A,37,15,40.06251502,-88.20648537,603.83843
037.16A,37,16,40.06255599,-88.20648432,603.91842
037.17A,37,17,40.06259608,-88.20648488,603.79488
037.18A,37,18,40.06263571,-88.20648455,603.8996
037.19A,37,19,40.0626778,-88.2064848,603.82148
037.20A,37,20,40.06271798,-88.20648481,603.7404
037.21A,37,21,40.06276098,-88.20648469,603.73349
037.22A,37,22,40.06280127,-88.20648465,603.83251
037.23A,37,23,40.06284538,-88.20648462,603.96666
037.24A,37,24,40.06288488,-88.2064843,604.00414
037.25A,37,25,40.06292549,-88.20648426,603.8181
037.26A,37,26,40.0629673,-88.20648476,603.89545
041.01A,41,1,40.06193731,-88.20644827,603.76529
041.02A,41,2,40.06197941,-88.20644763,603.68653
041.03A,41,3,40.06201973,-88.20644809,603.66236
041.04A,41,4,40.0620612,-88.20644847,603.63021
041.05A,41,5,40.06210204,-88.2064476,603.57826
041.06A,41,6,40.06214423,-88.20644816,603.5168
041.07A,41,7,40.06218457,-88.20644817,603.53837
041.08A,41,8,40.06222763,-88.2064481,603.68338
041.09A,41,9,40.06226818,-88.20644866,603.7367
041.10A,41,10,40.06230995,-88.20644838,603.81138
041.11A,41,11,40.06235108,-88.20644882,603.87611
041.12A,41,12,40.06239154,-88.20644851,603.7945
041.13A,41,13,40.06243201,-88.20644812,603.91725
041.14A,41,14,40.06247643,-88.2064486,603.85703
041.15A,41,15,40.06251406,-88.20644824,603.87584
041.16A,41,16,40.06255505,-88.20644809,603.90655
041.17A,41,17,40.06259733,-88.20644786,603.85336
041.18A,41,18,40.06263845,-88.20644787,603.7491
041.19A,41,19,40.06267884,-88.20644782,603.76466
041.20A,41,20,40.06272369,-88.20644849,603.66709
041.21A,41,21,40.0627612,-88.20644797,603.69067
041.22A,41,22,40.06280271,-88.20644847,603.75706
041.23A,41,23,40.06284497,-88.20644802,603.99548
041.24A,41,24,40.06288565,-88.20644824,604.0197
041.25A,41,25,40.06292494,-88.20644782,604.045
041.26A,41,26,40.06296748,-88.20644873,603.80138
045.01A,45,1,40.06193689,-88.20641354,603.72199
045.02A,45,2,40.06197667,-88.20641329,603.65624
045.03A,45,3,40.06201843,-88.20641298,603.61805
045.04A,45,4,40.0620587,-88.20641431,603.57611
045.05A,45,5,40.06210058,-88.20641335,603.66754
045.06A,45,6,40.0621433,-88.20641398,603.56651
045.07A,45,7,40.06218338,-88.20641343,603.47706
045.08A,45,8,40.06222757,-88.20641319,603.74616
045.09A,45,9,40.0622655,-88.20641354,603.85757
045.10A,45,10,40.06230622,-88.20641372,603.82545
045.11A,45,11,40.06234915,-88.20641333,603.82095
045.12A,45,12,40.06238934,-88.20641343,603.92086
045.13A,45,13,40.06242933,-88.20641338,603.9841
045.14A,45,14,40.06247238,-88.20641371,604.05103
045.15A,45,15,40.06251346,-88.20641288,604.08766
045.16A,45,16,40.06255439,-88.20641381,604.18151
045.17A,45,17,40.06259641,-88.20641387,604.0732
045.18A,45,18,40.06263802,-88.20641377,603.95359
045.19A,45,19,40.06267952,-88.20641332,603.98623
045.20A,45,20,40.06271866,-88.20641404,603.94544
045.21A,45,21,40.06275967,-88.20641362,603.85122
045.22A,45,22,40.06280199,-88.20641298,603.92666
045.23A,45,23,40.06284264,-88.20641416,603.90627
045.24A,45,24,40.06288504,-88.20641326,604.09177
045.25A,45,25,40.06292361,-88.20641351,604.19845
045.26A,45,26,40.06296647,-88.20641353,603.92396
049.01A,49,1,40.06194059,-88.2063769,603.89094
049.02A,49,2,40.06198069,-88.20637625,603.76942
049.03A,49,3,40.06202216,-88.20637624,603.67278
049.04A,49,4,40.06206385,-88.20637713,603.69235
049.05A,49,5,40.06210514,-88.20637666,603.43653
049.06A,49,6,40.06214453,-88.20637652,603.47652
049.07A,49,7,40.0621856,-88.20637711,603.49319
049.08A,49,8,40.06222875,-88.20637681,603.69147
049.09A,49,9,40.06226911,-88.20637631,603.76225
049.10A,49,10,40.06230888,-88.20637636,603.77851
049.11A,49,11,40.06235119,-88.20637656,603.94086
049.12A,49,12,40.0623933,-88.20637639,603.90317
049.13A,49,13,40.06243164,-88.20637626,603.91166
049.14A,49,14,40.06247547,-88.20637683,603.99542
049.15A,49,15,40.06251561,-88.20637639,603.99244
049.16A,49,16,40.06255869,-88.20637635,604.03149
049.17A,49,17,40.06260049,-88.20637704,604.01972
049.18A,49,18,40.06264045,-88.20637675,603.92352
049.19A,49,19,40.06268183,-88.20637684,603.9794
049.20A,49,20,40.06272115,-88.20637703,603.90414
049.21A,49,21,40.06276239,-88.20637671,603.90299
049.22A,49,22,40.06280473,-88.20637655,603.96
049.23A,49,23,40.06284449,-88.20637661,604.02606
049.24A,49,24,40.0628875,-88.20637632,604.08954
049.25A,49,25,40.06292422,-88.20637614,604.15219
049.26A,49,26,40.06296903,-88.20637708,603.92585
053.01A,53,1,40.06193636,-88.20634197,603.89293
053.02A,53,2,40.06197809,-88.20634165,603.75451
053.03A,53,3,40.06201673,-88.20634179,603.79938
053.04A,53,4,40.06206005,-88.20634113,603.82644
053.05A,53,5,40.06210018,-88.2063417,603.8344
053.06A,53,6,40.06214137,-88.20634168,603.77682
053.07A,53,7,40.06218138,-88.20634199,603.78445
053.08A,53,8,40.06222349,-88.20634204,603.89907
053.09A,53,9,40.06226444,-88.2063413,604.01763
053.10A,53,10,40.06230661,-88.20634146,604.12853
053.11A,53,11,40.06234742,-88.20634231,604.23037
053.12A,53,12,40.06238981,-88.20634206,604.22397
053.13A,53,13,40.06243025,-88.20634163,604.35134
053.14A,53,14,40.06247178,-88.20634166,604.38969
053.15A,53,15,40.06251132,-88.20634115,604.3668
053.16A,53,16,40.06255364,-88.20634186,604.41267
053.17A,53,17,40.06259496,-88.20634148,604.32632
053.18A,53,18,40.06263547,-88.20634233,604.34732
053.19A,53,19,40.06268036,-88.20634198,604.29072
053.20A,53,20,40.06271944,-88.20634152,604.30541
053.21A,53,21,40.06276025,-88.20634223,604.15703
053.22A,53,22,40.06280014,-88.20634185,604.15588
053.23A,53,23,40.06284446,-88.20634176,604.26634
053.24A,53,24,40.06288629,-88.20634229,604.28698
053.25A,53,25,40.06292424,-88.20634186,604.28173
053.26A,53,26,40.06296876,-88.2063331,604.12061
057.01A,57,1,40.06193846,-88.20630558,603.61101
057.02A,57,2,40.06198232,-88.20630528,603.42629
057.03A,57,3,40.06202059,-88.20630534,603.47136
057.04A,57,4,40.06206181,-88.20630525,603.44949
057.05A,57,5,40.06210193,-88.20630609,603.71764
057.06A,57,6,40.06214396,-88.20630536,603.7711
057.07A,57,7,40.06218518,-88.20630544,603.7694
057.08A,57,8,40.06222838,-88.20630518,603.86177
057.09A,57,9,40.06226752,-88.20630536,604.01537
057.10A,57,10,40.06230885,-88.20630582,604.12768
057.11A,57,11,40.06234969,-88.20630511,604.17544
057.12A,57,12,40.06239265,-88.20630534,604.17282
057.13A,57,13,40.06243323,-88.20630564,604.15356
057.14A,57,14,40.062475,-88.20630544,604.30369
057.15A,57,15,40.06251306,-88.20630501,604.3783
057.16A,57,16,40.06255632,-88.20630544,604.37815
057.17A,57,17,40.06259838,-88.20630523,604.29737
057.18A,57,18,40.06263856,-88.20630523,604.27144
057.19A,57,19,40.06268179,-88.20630572,604.24375
057.20A,57,20,40.0627225,-88.20630455,604.28561
057.21A,57,21,40.06276243,-88.2063053,604.29348
057.22A,57,22,40.06280189,-88.20630591,604.20839
057.23A,57,23,40.06284457,-88.20630547,604.29785
057.24A,57,24,40.06288791,-88.20630552,604.37004
057.25A,57,25,40.06292789,-88.20630514,604.40803
057.26A,57,26,40.06296861,-88.20630522,604.16936
061.01A,61,1,40.06193714,-88.20627152,603.58243
061.02A,61,2,40.06197767,-88.206271,603.54523
061.03A,61,3,40.06201757,-88.20627021,603.54879
061.04A,61,4,40.06206054,-88.20627113,603.43451
061.05A,61,5,40.06210019,-88.20627126,603.55339
061.06A,61,6,40.06214155,-88.20627051,603.50114
061.07A,61,7,40.06218227,-88.20627107,603.60591
061.08A,61,8,40.06222537,-88.20627114,603.72258
061.09A,61,9,40.0622648,-88.20627108,603.86607
061.10A,61,10,40.06230628,-88.20627113,604.04267
061.11A,61,11,40.06234736,-88.2062709,604.05917
061.12A,61,12,40.0623879,-88.20627052,604.08295
061.13A,61,13,40.06242931,-88.20627112,604.18495
061.14A,61,14,40.06247196,-88.20627135,604.21724
061.15A,61,15,40.06251238,-88.20627038,604.21085
061.16A,61,16,40.06255352,-88.20627068,604.25693
061.17A,61,17,40.06259489,-88.20627054,604.15587
061.18A,61,18,40.06263657,-88.20627154,604.25012
061.19A,61,19,40.06267813,-88.20627042,604.12068
061.20A,61,20,40.0627196,-88.20627121,604.10623
061.21A,61,21,40.06276054,-88.20627141,604.26325
061.22A,61,22,40.06280229,-88.20627076,604.07415
061.23A,61,23,40.06284443,-88.20627061,604.1602
061.24A,61,24,40.06288723,-88.20627097,604.27516
061.25A,61,25,40.06292295,-88.20627055,604.27149
061.26A,61,26,40.06296723,-88.20627086,603.99626
065.01A,65,1,40.06193959,-88.20623251,603.60929
065.02A,65,2,40.0619803,-88.20623321,603.47185
065.03A,65,3,40.06202124,-88.2062338,603.44856
065.04A,65,4,40.06206283,-88.20623341,603.56504
065.05A,65,5,40.06210366,-88.20623344,603.64582
065.06A,65,6,40.06214554,-88.2062335,603.58743
065.07A,65,7,40.06218728,-88.20623401,603.71582
065.08A,65,8,40.06222858,-88.20623347,603.80944
065.09A,65,9,40.06226858,-88.20623412,603.8998
065.10A,65,10,40.06230897,-88.20623377,604.00087
065.11A,65,11,40.06235131,-88.20623342,604.12235
065.12A,65,12,40.06239084,-88.20623391,604.12212
065.13A,65,13,40.06243305,-88.20623444,604.27685
065.14A,65,14,40.06247424,-88.20623404,604.3549
065.15A,65,15,40.0625164,-88.20623442,604.39825
065.16A,65,16,40.06255615,-88.2062341,604.401
065.17A,65,17,40.06259513,-88.20623388,604.36481
065.18A,65,18,40.06264016,-88.20623459,604.30885
065.19A,65,19,40.06268032,-88.20623398,604.2394
065.20A,65,20,40.06272319,-88.20623427,604.23868
065.21A,65,21,40.06276307,-88.20623369,604.18057
065.22A,65,22,40.06280229,-88.20623405,604.21778
065.23A,65,23,40.06284531,-88.2062339,604.29893
065.24A,65,24,40.06288605,-88.2062347,604.3982
065.25A,65,25,40.06292774,-88.20623422,604.29468
065.26A,65,26,40.06296821,-88.20623382,604.02191
069.01A,69,1,40.06193711,-88.2061998,603.57068
069.02A,69,2,40.06197801,-88.20619917,603.47236
069.03A,69,3,40.06201935,-88.20619883,603.50938
069.04A,69,4,40.06206133,-88.20619918,603.52932
069.05A,69,5,40.06210066,-88.20619908,603.62279
069.06A,69,6,40.06214259,-88.20619909,603.62185
069.07A,69,7,40.0621846,-88.20619978,603.75667
069.08A,69,8,40.06222712,-88.20619903,603.86767
069.09A,69,9,40.06226776,-88.20619837,604.09951
069.10A,69,10,40.06230739,-88.20619943,604.29112
069.11A,69,11,40.06234966,-88.20619928,604.27426
069.12A,69,12,40.06239147,-88.20619905,604.33639
069.13A,69,13,40.0624311,-88.20619901,604.43979
069.14A,69,14,40.06247156,-88.20619979,604.54544
069.15A,69,15,40.06251266,-88.20619925,604.6455
069.16A,69,16,40.06255394,-88.20619957,604.63507
069.17A,69,17,40.06259514,-88.20619934,604.53366
069.18A,69,18,40.06263741,-88.20619942,604.52591
069.19A,69,19,40.06267804,-88.20619923,604.41943
069.20A,69,20,40.0627192,-88.20619849,604.42999
069.21A,69,21,40.06276097,-88.20619922,604.31702
069.22A,69,22,40.06280106,-88.2061994,604.29584
069.23A,69,23,40.06284481,-88.20619941,604.35194
069.24A,69,24,40.06288607,-88.20619893,604.38519
069.25A,69,25,40.06292588,-88.20619813,604.44164
069.26A,69,26,40.06296652,-88.2061994,604.07313
073.01A,73,1,40.06193954,-88.20616207,603.52964
073.02A,73,2,40.06197963,-88.20616253,603.47127
073.03A,73,3,40.06202012,-88.20616249,603.49403
073.04A,73,4,40.06206173,-88.20616282,603.54545
073.05A,73,5,40.06210396,-88.2061632,603.55796
073.06A,73,6,40.06214419,-88.20616336,603.58907
073.07A,73,7,40.06218651,-88.20616314,603.70892
073.08A,73,8,40.06222816,-88.20616356,603.86174
073.09A,73,9,40.06226868,-88.20616195,604.07113
073.10A,73,10,40.06230977,-88.20616282,604.26279
073.11A,73,11,40.06235147,-88.20616262,604.36721
073.12A,73,12,40.06239097,-88.20616303,604.47712
073.13A,73,13,40.06243249,-88.20616306,604.61289
073.14A,73,14,40.06247417,-88.20616268,604.6747
073.15A,73,15,40.06251559,-88.20616255,604.85019
073.16A,73,16,40.0625552,-88.20616282,604.77843
073.17A,73,17,40.06259679,-88.20616322,604.76972
073.18A,73,18,40.06263852,-88.2061635,604.62568
073.19A,73,19,40.06268066,-88.2061627,604.51073
073.20A,73,20,40.06272059,-88.20616291,604.45408
073.21A,73,21,40.06276214,-88.20616294,604.35728
073.22A,73,22,40.06280364,-88.20616264,604.30729
073.23A,73,23,40.06284744,-88.20616259,604.39556
073.24A,73,24,40.06288727,-88.20616281,604.42119
073.25A,73,25,40.06292715,-88.20616256,604.33194
073.26A,73,26,40.06296952,-88.20616292,604.12981
077.01A,77,1,40.0619367,-88.20612822,603.62163
077.02A,77,2,40.06197784,-88.20612763,603.52568
077.03A,77,3,40.06202072,-88.20612809,603.57442
077.04A,77,4,40.06205979,-88.20612751,603.68583
077.05A,77,5,40.06210229,-88.2061278,603.7272
077.06A,77,6,40.06214235,-88.20612713,603.71514
077.07A,77,7,40.06218643,-88.20612757,603.80848
077.08A,77,8,40.06222543,-88.20612787,604.04679
077.09A,77,9,40.0622673,-88.20612838,604.22473
077.10A,77,10,40.06230744,-88.20612744,604.44835
077.11A,77,11,40.06234823,-88.20612759,604.57992
077.12A,77,12,40.06239021,-88.20612787,604.6377
077.13A,77,13,40.06243212,-88.20612729,604.79857
077.14A,77,14,40.06247464,-88.2061278,604.85292
077.15A,77,15,40.06251366,-88.20612753,604.90412
077.16A,77,16,40.06255442,-88.20612723,604.94479
077.17A,77,17,40.06259472,-88.20612791,604.82448
077.18A,77,18,40.06263765,-88.2061278,604.77354
077.19A,77,19,40.06267811,-88.20612807,604.66371
077.20A,77,20,40.06271989,-88.20612761,604.57369
077.21A,77,21,40.06276178,-88.20612809,604.44428
077.22A,77,22,40.06280219,-88.20612806,604.39633
077.23A,77,23,40.06284665,-88.20612779,604.45033
077.24A,77,24,40.06288491,-88.20612714,604.45789
077.25A,77,25,40.06292494,-88.20612772,604.34133
077.26A,77,26,40.06296627,-88.2061277,604.14119
081.01A,81,1,40.0619379,-88.20609016,603.7409
081.02A,81,2,40.06197852,-88.20609052,603.63965
081.03A,81,3,40.06202144,-88.20609012,603.59905
081.04A,81,4,40.06206064,-88.20609087,603.68291
081.05A,81,5,40.06210386,-88.20609076,603.82795
081.06A,81,6,40.06214265,-88.20609136,603.87181
081.07A,81,7,40.06218418,-88.20609065,603.90031
081.08A,81,8,40.06222563,-88.20609076,604.19018
081.09A,81,9,40.06226802,-88.2060907,604.46326
081.10A,81,10,40.06230846,-88.2060907,604.66767
081.11A,81,11,40.06234808,-88.20609087,604.79088
081.12A,81,12,40.06238971,-88.20609096,604.87126
081.13A,81,13,40.06242971,-88.20609157,604.95416
081.14A,81,14,40.06247312,-88.20609107,605.1316
081.15A,81,15,40.06251439,-88.20609183,605.26592
081.16A,81,16,40.0625559,-88.20609109,605.17583
081.17A,81,17,40.06259606,-88.20609175,605.14524
081.18A,81,18,40.06263715,-88.20609087,605.00871
081.19A,81,19,40.06267728,-88.2060915,604.88439
081.20A,81,20,40.06271901,-88.20609167,604.66028
081.21A,81,21,40.06275979,-88.20609112,604.49589
081.22A,81,22,40.06280249,-88.20609058,604.52321
081.23A,81,23,40.06284414,-88.20609063,604.44915
081.24A,81,24,40.06288533,-88.20609108,604.47406
081.25A,81,25,40.06292531,-88.20609083,604.38459
081.26A,81,26,40.06296664,-88.20608988,604.15699
085.01A,85,1,40.06193968,-88.20605701,603.71232
085.02A,85,2,40.06197909,-88.20605631,603.67885
085.03A,85,3,40.06202027,-88.2060562,603.73904
085.04A,85,4,40.06205992,-88.20605699,603.81619
085.05A,85,5,40.06210266,-88.20605656,603.94493
085.06A,85,6,40.0621419,-88.20605531,603.97129
085.07A,85,7,40.06218316,-88.20605626,604.12343
085.08A,85,8,40.06222383,-88.20605627,604.24662
085.09A,85,9,40.06226525,-88.20605509,604.53402
085.10A,85,10,40.06230549,-88.20605574,604.79699
085.11A,85,11,40.06234775,-88.20605496,604.94083
085.12A,85,12,40.06238781,-88.20605522,605.05625
085.13A,85,13,40.06242975,-88.20605485,605.17508
085.14A,85,14,40.06247015,-88.20605526,605.34029
085.15A,85,15,40.06251177,-88.20605605,605.43038
085.16A,85,16,40.06255175,-88.20605603,605.36746
085.17A,85,17,40.06259438,-88.20605493,605.25135
085.18A,85,18,40.06263427,-88.2060563,605.18937
085.19A,85,19,40.06267439,-88.20605492,605.01107
085.20A,85,20,40.06271686,-88.20605481,604.74254
085.21A,85,21,40.0627587,-88.20605542,604.57249
085.22A,85,22,40.06279953,-88.20605504,604.53216
085.23A,85,23,40.06284303,-88.20605549,604.3842
085.24A,85,24,40.06288384,-88.20605556,604.33528
085.25A,85,25,40.06292274,-88.20605557,604.30152
085.26A,85,26,40.06296573,-88.20605513,604.01992
089.01A,89,1,40.06193994,-88.20601926,603.74117
089.02A,89,2,40.06197804,-88.20602019,603.69546
089.03A,89,3,40.06201967,-88.2060196,603.73644
089.04A,89,4,40.06206136,-88.20601946,603.85313
089.05A,89,5,40.06210304,-88.20601962,603.94527
089.06A,89,6,40.06214415,-88.2060194,604.01761
089.07A,89,7,40.06218614,-88.20602,604.17581
089.08A,89,8,40.06222456,-88.20601979,604.37687
089.09A,89,9,40.06226698,-88.2060201,604.68046
089.10A,89,10,40.06231006,-88.2060193,604.95314
089.11A,89,11,40.0623493,-88.20601957,605.11285
089.12A,89,12,40.06238772,-88.20601842,605.22053
089.13A,89,13,40.0624303,-88.20601977,605.34206
089.14A,89,14,40.06247389,-88.20601965,605.51105
089.15A,89,15,40.06251592,-88.20601953,605.58385
089.16A,89,16,40.06255533,-88.20601971,605.51416
089.17A,89,17,40.06259604,-88.20602047,605.40664
089.18A,89,18,40.06263668,-88.20601973,605.24366
089.19A,89,19,40.06267872,-88.20602045,604.99128
089.20A,89,20,40.06271879,-88.20601924,604.85294
089.21A,89,21,40.06276096,-88.20601979,604.53583
089.22A,89,22,40.06280374,-88.20601889,604.42259
089.23A,89,23,40.06284166,-88.20601879,604.39468
089.24A,89,24,40.06288417,-88.20601984,604.28603
089.25A,89,25,40.0629277,-88.20601859,604.18261
089.26A,89,26,40.06296813,-88.20601949,603.93479
093.01A,93,1,40.06193773,-88.20598472,603.83528
093.02A,93,2,40.06197803,-88.20598461,603.77529
093.03A,93,3,40.06201772,-88.20598506,603.77433
093.04A,93,4,40.06206039,-88.20598512,603.89001
093.05A,93,5,40.06210069,-88.20598477,604.03746
093.06A,93,6,40.06214284,-88.20598516,604.06672
093.07A,93,7,40.06218339,-88.20598428,604.28499
093.08A,93,8,40.06222394,-88.20598525,604.54605
093.09A,93,9,40.06226566,-88.20598408,604.80638
093.10A,93,10,40.06230684,-88.20598465,605.13247
093.11A,93,11,40.06234748,-88.20598435,605.24791
093.12A,93,12,40.06238894,-88.2059851,605.364
093.13A,93,13,40.06243027,-88.20598546,605.56375
093.14A,93,14,40.06247223,-88.20598447,605.67006
093.15A,93,15,40.06251181,-88.20598535,605.73272
093.16A,93,16,40.06255227,-88.20598445,605.68419
093.17A,93,17,40.06259397,-88.20598463,605.51687
093.18A,93,18,40.06263446,-88.20598466,605.34524
093.19A,93,19,40.06267552,-88.20598462,605.09713
093.20A,93,20,40.06271735,-88.20598454,604.86154
093.21A,93,21,40.06275816,-88.20598494,604.63626
093.22A,93,22,40.0628023,-88.20598476,604.44849
093.23A,93,23,40.06284226,-88.20598351,604.31237
093.24A,93,24,40.06288724,-88.20598486,604.19631
093.25A,93,25,40.06292346,-88.20598405,604.17266
093.26A,93,26,40.06296883,-88.20598471,603.95077
097.01A,97,1,40.06193864,-88.20594801,603.80723
097.02A,97,2,40.06198065,-88.20594881,603.75925
097.03A,97,3,40.06202191,-88.20594784,603.80654
097.04A,97,4,40.06206162,-88.20594781,603.8684
097.05A,97,5,40.06210272,-88.20594929,603.97139
097.06A,97,6,40.06214391,-88.2059484,604.1702
097.07A,97,7,40.06218561,-88.20594836,604.36896
097.08A,97,8,40.06222577,-88.20594817,604.55433
097.09A,97,9,40.06226775,-88.20594842,604.92735
097.10A,97,10,40.06230911,-88.20594809,605.17095
097.11A,97,11,40.06234822,-88.20594808,605.30709
097.12A,97,12,40.0623887,-88.20594783,605.51151
097.13A,97,13,40.06243188,-88.20594854,605.66712
097.14A,97,14,40.06247246,-88.20594789,605.74383
097.15A,97,15,40.06251376,-88.20594846,605.7668
097.16A,97,16,40.06255418,-88.20594805,605.61952
097.17A,97,17,40.06259656,-88.20594783,605.46824
097.18A,97,18,40.06263333,-88.20594926,605.31275
097.19A,97,19,40.06267609,-88.20594845,605.06576
097.20A,97,20,40.0627182,-88.20594829,604.75728
097.21A,97,21,40.06276117,-88.20594877,604.5039
097.22A,97,22,40.06280258,-88.2059484,604.37987
097.23A,97,23,40.06284248,-88.20594817,604.22727
097.24A,97,24,40.06288655,-88.20594832,604.13784
097.25A,97,25,40.06292544,-88.20594799,604.05897
097.26A,97,26,40.06296794,-88.20594858,603.91646
101.01A,101,1,40.06193718,-88.20591289,603.8931
101.02A,101,2,40.06197717,-88.20591323,603.89588
101.03A,101,3,40.06201686,-88.20591374,603.91881
101.04A,101,4,40.0620592,-88.20591269,604.06013
101.05A,101,5,40.06210024,-88.20591402,604.13573
101.06A,101,6,40.06214108,-88.20591319,604.23674
101.07A,101,7,40.06218317,-88.20591311,604.39911
101.08A,101,8,40.06222616,-88.205914,604.62967
101.09A,101,9,40.06226477,-88.2059127,605.01976
101.10A,101,10,40.06230694,-88.20591313,605.28839
101.11A,101,11,40.06234586,-88.20591287,605.4094
101.12A,101,12,40.0623889,-88.2059134,605.6032
101.13A,101,13,40.06242892,-88.20591387,605.74987
101.14A,101,14,40.06247096,-88.20591329,605.8578
101.15A,101,15,40.06251114,-88.20591316,605.83098
101.16A,101,16,40.06255322,-88.20591415,605.65335
101.17A,101,17,40.06259416,-88.20591366,605.43201
101.18A,101,18,40.06263507,-88.20591357,605.21344
101.19A,101,19,40.06267596,-88.20591394,604.97354
101.20A,101,20,40.06271677,-88.2059131,604.68302
101.21A,101,21,40.0627583,-88.20591405,604.38811
101.22A,101,22,40.06280091,-88.2059127,604.10497
101.23A,101,23,40.06284138,-88.20591325,604.04559
101.24A,101,24,40.0628845,-88.20591325,604.00011
101.25A,101,25,40.06292423,-88.20591327,604.03775
101.26A,101,26,40.06296897,-88.20591332,603.9444
105.01A,105,1,40.06193866,-88.20587718,604.02134
105.02A,105,2,40.06197903,-88.20587678,603.99521
105.03A,105,3,40.06202007,-88.20587665,604.11575
105.04A,105,4,40.06206115,-88.20587681,604.09317
105.05A,105,5,40.06210351,-88.20587645,604.24976
105.06A,105,6,40.06214316,-88.20587704,604.28379
105.07A,105,7,40.06218573,-88.20587674,604.46234
105.08A,105,8,40.0622273,-88.20587626,604.74231
105.09A,105,9,40.06226856,-88.20587618,605.13733
105.10A,105,10,40.06230771,-88.20587651,605.46129
105.11A,105,11,40.06234984,-88.20587578,605.69375
105.12A,105,12,40.06239091,-88.20587685,605.77451
105.13A,105,13,40.06243194,-88.2058769,605.86671
105.14A,105,14,40.0624735,-88.20587631,606.00357
105.15A,105,15,40.06251371,-88.20587544,605.94853
105.16A,105,16,40.06255231,-88.20587612,605.75135
105.17A,105,17,40.06259595,-88.20587655,605.5043
105.18A,105,18,40.06263677,-88.20587676,605.23284
105.19A,105,19,40.0626783,-88.20587599,604.86604
105.20A,105,20,40.06272061,-88.20587668,604.64615
105.21A,105,21,40.06276059,-88.20587685,604.38719
105.22A,105,22,40.06280217,-88.20587615,604.19091
105.23A,105,23,40.06284339,-88.20587719,604.10406
105.24A,105,24,40.06288442,-88.20587742,603.97427
105.25A,105,25,40.06288421,-88.20587741,604.01727
105.26A,105,26,40.06296866,-88.2058762,603.95024
109.01A,109,1,40.06193649,-88.20584246,604.02197
109.02A,109,2,40.06197733,-88.20584125,604.05907
109.03A,109,3,40.06201723,-88.20584183,604.05272
109.04A,109,4,40.0620168,-88.20584193,604.02908
109.05A,109,5,40.06205925,-88.20584125,604.12083
109.06A,109,6,40.06210072,-88.20584225,604.27491
109.07A,109,7,40.06218381,-88.2058421,604.5703
109.08A,109,8,40.06222526,-88.20584267,604.84835
109.09A,109,9,40.06226541,-88.20584234,605.25521
109.10A,109,10,40.0623071,-88.20584188,605.62006
109.11A,109,11,40.06234714,-88.20584226,605.75318
109.12A,109,12,40.06238873,-88.2058416,605.828
109.13A,109,13,40.0624288,-88.20584252,605.99985
109.14A,109,14,40.06247139,-88.20584183,605.99876
109.15A,109,15,40.06251183,-88.20584208,605.88807
109.16A,109,16,40.06255187,-88.20584163,605.61094
109.17A,109,17,40.06259353,-88.20584213,605.4242
109.18A,109,18,40.06263493,-88.20584213,605.04182
109.19A,109,19,40.06267572,-88.2058416,604.8135
109.20A,109,20,40.06271807,-88.20584229,604.57601
109.21A,109,21,40.06275816,-88.20584244,604.22107
109.22A,109,22,40.06280503,-88.20584222,604.03743
109.23A,109,23,40.06284281,-88.20584222,603.97501
109.24A,109,24,40.0628845,-88.20584204,603.88272
109.25A,109,25,40.06292409,-88.20584157,603.89146
109.26A,109,26,40.06296597,-88.20584199,603.85426
113.01A,113,1,40.06193723,-88.20580571,604.15869
113.02A,113,2,40.06197872,-88.20580494,604.10292
113.03A,113,3,40.06201767,-88.20580566,604.16775
113.04A,113,4,40.06206101,-88.20580563,604.20092
113.05A,113,5,40.06210222,-88.20580561,604.28275
113.06A,113,6,40.0621441,-88.20580619,604.36501
113.07A,113,7,40.06218602,-88.2058061,604.57821
113.08A,113,8,40.0622245,-88.20580554,604.79893
113.09A,113,9,40.06226774,-88.20580531,605.17114
113.10A,113,10,40.06230715,-88.20580503,605.5744
113.11A,113,11,40.06234777,-88.20580568,605.74884
113.12A,113,12,40.06238811,-88.20580563,605.90027
113.13A,113,13,40.06243028,-88.2057961,606.17425
113.14A,113,14,40.06247238,-88.20580587,605.9939
113.15A,113,15,40.06251454,-88.20580564,605.74197
113.16A,113,16,40.06255431,-88.20580563,605.48655
113.17A,113,17,40.06259508,-88.2058055,605.2022
113.18A,113,18,40.06263609,-88.2058053,604.94151
113.19A,113,19,40.06267737,-88.20580527,604.70103
113.20A,113,20,40.06271805,-88.20580587,604.41277
113.21A,113,21,40.06276085,-88.20580526,604.1565
113.22A,113,22,40.06280288,-88.20580508,604.06861
113.23A,113,23,40.06284463,-88.20580466,603.94675
113.24A,113,24,40.06288585,-88.20580524,603.93677
113.25A,113,25,40.06292779,-88.20580466,603.90494
113.26A,113,26,40.06296899,-88.20580485,603.88201
117.01A,117,1,40.06193609,-88.20577091,604.19431
117.02A,117,2,40.06197566,-88.20577091,604.23068
117.03A,117,3,40.06201751,-88.20577023,604.25809
117.04A,117,4,40.06205801,-88.2057709,604.29
117.05A,117,5,40.06210132,-88.20577096,604.37934
117.06A,117,6,40.06214027,-88.20577134,604.58063
117.07A,117,7,40.06218238,-88.20577052,604.75929
117.08A,117,8,40.06222467,-88.20577171,604.9882
117.09A,117,9,40.06226437,-88.20577114,605.32053
117.10A,117,10,40.06230659,-88.2057705,605.6663
117.11A,117,11,40.06234658,-88.20577061,605.82615
117.12A,117,12,40.06238805,-88.20577066,605.85231
117.13A,117,13,40.06242925,-88.20577081,605.94864
117.14A,117,14,40.06247217,-88.20577063,605.93249
117.15A,117,15,40.06251146,-88.20577056,605.76618
117.16A,117,16,40.06255272,-88.20577054,605.43994
117.17A,117,17,40.06259403,-88.2057706,605.07442
117.18A,117,18,40.06263466,-88.20577042,604.7853
117.19A,117,19,40.0626763,-88.20576995,604.66027
117.20A,117,20,40.06271725,-88.20577042,604.40012
117.21A,117,21,40.06275888,-88.20577064,604.16566
117.22A,117,22,40.06280177,-88.20577109,604.02541
117.23A,117,23,40.06284268,-88.20577036,604.03294
117.24A,117,24,40.06288598,-88.20577061,604.0045
117.25A,117,25,40.06292492,-88.20577099,604.07675
117.26A,117,26,40.06296664,-88.20577005,604.0061
121.01A,121,1,40.061938,-88.20573394,604.33634
121.02A,121,2,40.06197898,-88.20573338,604.3655
121.03A,121,3,40.06201965,-88.20573323,604.40566
121.04A,121,4,40.06206133,-88.20573333,604.46946
121.05A,121,5,40.06210227,-88.20573308,604.57809
121.06A,121,6,40.06214165,-88.20573351,604.58674
121.07A,121,7,40.06218564,-88.20573372,604.74256
121.08A,121,8,40.0622263,-88.20573326,605.02288
121.09A,121,9,40.06226598,-88.20573308,605.40088
121.10A,121,10,40.06230794,-88.20573428,605.76654
121.11A,121,11,40.06234811,-88.20573346,605.813
121.12A,121,12,40.0623899,-88.20573381,605.89182
121.13A,121,13,40.06243106,-88.20573364,605.85602
121.14A,121,14,40.06247252,-88.20573327,605.78041
121.15A,121,15,40.0625127,-88.20573409,605.56517
121.16A,121,16,40.06255281,-88.20573335,605.22367
121.17A,121,17,40.06259606,-88.20573413,604.92131
121.18A,121,18,40.06263786,-88.20573356,604.65933
121.19A,121,19,40.0626794,-88.20573371,604.42092
121.20A,121,20,40.06271901,-88.20573424,604.29946
121.21A,121,21,40.06276043,-88.2057339,604.06776
121.22A,121,22,40.06280136,-88.20573391,604.04605
121.23A,121,23,40.06284239,-88.20573368,604.00116
121.24A,121,24,40.06288531,-88.20573342,604.05312
121.25A,121,25,40.0629262,-88.20573439,604.00651
121.26A,121,26,40.0629694,-88.20573417,603.99923
125.01A,125,1,40.06193656,-88.20570036,604.4118
125.02A,125,2,40.06197702,-88.20569878,604.51885
125.03A,125,3,40.06201696,-88.20569892,604.43018
125.04A,125,4,40.06205842,-88.20569909,604.47732
125.05A,125,5,40.06210077,-88.20569931,604.51058
125.06A,125,6,40.0621419,-88.20569872,604.60413
125.07A,125,7,40.0621827,-88.20569858,604.81504
125.08A,125,8,40.06222464,-88.20569901,605.06197
125.09A,125,9,40.06226462,-88.20569908,605.38168
125.10A,125,10,40.06230577,-88.20569942,605.67979
125.11A,125,11,40.06234713,-88.20569896,605.77393
125.12A,125,12,40.06238827,-88.20569877,605.76385
125.13A,125,13,40.06242956,-88.20569894,605.75431
125.14A,125,14,40.06247115,-88.20569866,605.60733
125.15A,125,15,40.06251223,-88.20569899,605.39752
125.16A,125,16,40.06255279,-88.20569903,605.03312
125.17A,125,17,40.06259403,-88.20569899,604.74803
125.18A,125,18,40.06263592,-88.2056988,604.50373
125.19A,125,19,40.06267602,-88.20569895,604.28979
125.20A,125,20,40.06271717,-88.20569848,604.15277
125.21A,125,21,40.06275903,-88.20569913,603.92438
125.22A,125,22,40.06280036,-88.20569896,604.13338
125.23A,125,23,40.06284174,-88.20569948,603.95316
125.24A,125,24,40.06288512,-88.20569968,603.92677
125.25A,125,25,40.06292427,-88.20569911,603.97865
125.26A,125,26,40.062966,-88.20569937,603.95383
129.01A,129,1,40.06193922,-88.20566247,604.59752
129.02A,129,2,40.06197822,-88.20566212,604.56721
129.03A,129,3,40.06202032,-88.20566254,604.56093
129.04A,129,4,40.06206102,-88.20566224,604.69253
129.05A,129,5,40.06210235,-88.20566274,604.75503
129.06A,129,6,40.06214495,-88.20566218,604.77376
129.07A,129,7,40.06218455,-88.20566306,604.88813
129.08A,129,8,40.0622259,-88.20566248,605.12961
129.09A,129,9,40.0622661,-88.20566232,605.45597
129.10A,129,10,40.06231039,-88.20566222,605.74557
129.11A,129,11,40.06235061,-88.20566223,605.7482
129.12A,129,12,40.06238954,-88.20566255,605.68492
129.13A,129,13,40.06243402,-88.20566175,605.50106
129.14A,129,14,40.06247326,-88.20566229,605.32205
129.15A,129,15,40.06251507,-88.20566298,605.05163
129.16A,129,16,40.06255516,-88.20566223,604.77734
129.17A,129,17,40.06259724,-88.20566181,604.50692
129.18A,129,18,40.06263648,-88.205662,604.34014
129.19A,129,19,40.06268005,-88.20566211,604.22302
129.20A,129,20,40.06271976,-88.20566176,604.0496
129.21A,129,21,40.06276044,-88.20566245,604.07889
129.22A,129,22,40.06280153,-88.2056615,604.05872
129.23A,129,23,40.06284398,-88.20566167,604.16322
129.24A,129,24,40.06288577,-88.20566199,604.16456
129.25A,129,25,40.06292657,-88.20566198,604.23524
129.26A,129,26,40.06296927,-88.20566163,604.11451
133.01A,133,1,40.06193738,-88.20562875,604.76808
133.02A,133,2,40.06197781,-88.20562804,604.75671
133.03A,133,3,40.06201775,-88.20562766,604.751
133.04A,133,4,40.06205822,-88.20562783,604.69799
133.05A,133,5,40.0621003,-88.20562818,604.74046
133.06A,133,6,40.06214277,-88.20562753,604.84012
133.07A,133,7,40.06218452,-88.20562757,604.94066
133.08A,133,8,40.06222541,-88.20562823,605.16006
133.09A,133,9,40.06226534,-88.20562744,605.44533
133.10A,133,10,40.06230659,-88.2056278,605.64946
133.11A,133,11,40.06234724,-88.20562793,605.60869
133.12A,133,12,40.06238839,-88.20562748,605.52284
133.13A,133,13,40.06242864,-88.20562765,605.38821
133.14A,133,14,40.06247001,-88.20562815,605.18161
133.15A,133,15,40.06251187,-88.20562774,604.94961
133.16A,133,16,40.06255321,-88.20562779,604.72655
133.17A,133,17,40.06259462,-88.20562785,604.48577
133.18A,133,18,40.06263491,-88.20562755,604.31973
133.19A,133,19,40.06267699,-88.20562807,604.24347
133.20A,133,20,40.06271688,-88.20562789,604.20939
133.21A,133,21,40.06275885,-88.20562752,604.11768
133.22A,133,22,40.06280207,-88.20562775,604.11761
133.23A,133,23,40.06284466,-88.20562807,604.18162
133.24A,133,24,40.06288602,-88.20562721,604.14298
133.25A,133,25,40.0629243,-88.20562711,604.24009
133.26A,133,26,40.06296592,-88.20562833,604.10756
137.01A,137,1,40.06193708,-88.20559101,604.9573
137.02A,137,2,40.06197664,-88.20559059,604.93651
137.03A,137,3,40.06201902,-88.20559148,604.871
137.04A,137,4,40.06205814,-88.20559098,604.90944
137.05A,137,5,40.06210141,-88.20559035,605.03684
137.06A,137,6,40.06214435,-88.20559073,605.00297
137.07A,137,7,40.06218313,-88.205591,605.13721
137.08A,137,8,40.06222634,-88.20559088,605.2736
137.09A,137,9,40.06226618,-88.20559077,605.44807
137.10A,137,10,40.06230761,-88.20559072,605.62521
137.11A,137,11,40.06234867,-88.20559089,605.52381
137.12A,137,12,40.06238913,-88.20559071,605.39305
137.13A,137,13,40.06243059,-88.20559043,605.15699
137.14A,137,14,40.06247026,-88.20559101,604.92424
137.15A,137,15,40.06251444,-88.20559074,604.64835
137.16A,137,16,40.06255425,-88.2055908,604.45401
137.17A,137,17,40.06259607,-88.20559107,604.26469
137.18A,137,18,40.06263722,-88.20559077,604.22458
137.19A,137,19,40.06267889,-88.20559044,604.19957
137.20A,137,20,40.06271979,-88.20559013,604.20021
137.21A,137,21,40.06276104,-88.20559205,604.02198
137.22A,137,22,40.06280288,-88.20559104,604.15691
137.23A,137,23,40.06284402,-88.20559069,604.33945
137.24A,137,24,40.06288697,-88.20559024,604.35837
137.25A,137,25,40.06292767,-88.20559064,604.32888
137.26A,137,26,40.0629678,-88.20559054,604.20858
141.01A,141,1,40.06193447,-88.20555642,605.01067
141.02A,141,2,40.06197677,-88.20555669,605.04546
141.03A,141,3,40.06201782,-88.20555653,604.99405
141.04A,141,4,40.06205873,-88.20555675,605.09638
141.05A,141,5,40.0621021,-88.20555651,605.08603
141.06A,141,6,40.06214141,-88.20555669,605.11289
141.07A,141,7,40.06218351,-88.20555631,605.16413
141.08A,141,8,40.06222388,-88.20555627,605.19447
141.09A,141,9,40.06226522,-88.20555717,605.36747
141.10A,141,10,40.06230571,-88.20555637,605.48221
141.11A,141,11,40.0623478,-88.20555627,605.28657
141.12A,141,12,40.06238828,-88.20555694,605.147
141.13A,141,13,40.06242829,-88.20555667,604.96004
141.14A,141,14,40.0624699,-88.20555665,604.73492
141.15A,141,15,40.06251237,-88.20555677,604.56445
141.16A,141,16,40.06255283,-88.20555556,604.39139
141.17A,141,17,40.06259476,-88.20555637,604.28211
141.18A,141,18,40.0626351,-88.20555596,604.31885
141.19A,141,19,40.06267886,-88.20555655,604.32682
141.20A,141,20,40.06271801,-88.20555617,604.38693
141.21A,141,21,40.06275919,-88.20555604,604.31996
141.22A,141,22,40.06280202,-88.20555606,604.46162
141.23A,141,23,40.06284138,-88.20555615,604.51248
141.24A,141,24,40.06288615,-88.20555736,604.45696
141.25A,141,25,40.06292315,-88.2055564,604.52566
141.26A,141,26,40.06296605,-88.20555652,604.31745
145.01A,145,1,40.06193917,-88.20551886,605.49251
145.02A,145,2,40.06197985,-88.20551942,605.16978
145.03A,145,3,40.06202019,-88.20551986,605.15806
145.04A,145,4,40.06206188,-88.20551987,605.22982
145.05A,145,5,40.06210125,-88.20551939,605.17164
145.06A,145,6,40.06214288,-88.2055194,605.17152
145.07A,145,7,40.06218537,-88.20551956,605.18366
145.08A,145,8,40.0622254,-88.20551964,605.20316
145.09A,145,9,40.0622672,-88.20551887,605.36598
145.10A,145,10,40.06230803,-88.20551912,605.37935
145.11A,145,11,40.06234815,-88.2055187,605.19513
145.12A,145,12,40.06238973,-88.20551939,605.06676
145.13A,145,13,40.06242909,-88.20551927,604.84724
145.14A,145,14,40.06247214,-88.20551914,604.60968
145.15A,145,15,40.0625119,-88.20551948,604.4443
145.16A,145,16,40.0625564,-88.20551942,604.34984
145.17A,145,17,40.06259523,-88.20551922,604.32831
145.18A,145,18,40.06263856,-88.20551947,604.37921
145.19A,145,19,40.06267975,-88.20551919,604.41199
145.20A,145,20,40.06271742,-88.20551923,604.45158
145.21A,145,21,40.06276095,-88.20551976,604.39594
145.22A,145,22,40.06280176,-88.20552002,604.47798
145.23A,145,23,40.06284199,-88.20551983,604.4503
145.24A,145,24,40.0628839,-88.20551915,604.5694
145.25A,145,25,40.06292561,-88.2055193,604.56016
145.26A,145,26,40.06296954,-88.20551886,604.41612
149.01A,149,1,40.06193654,-88.20548473,605.49236
149.02A,149,2,40.06197721,-88.20548448,605.44747
149.03A,149,3,40.06201711,-88.2054847,605.39198
149.04A,149,4,40.06205834,-88.20548356,605.44115
149.05A,149,5,40.06210016,-88.20548513,605.37913
149.06A,149,6,40.06214161,-88.20548541,605.36622
149.07A,149,7,40.0621824,-88.20548464,605.27842
149.08A,149,8,40.06222398,-88.20548448,605.29016
149.09A,149,9,40.06226471,-88.2054836,605.37964
149.10A,149,10,40.06230639,-88.20548421,605.39125
149.11A,149,11,40.06234681,-88.20548488,605.21221
149.12A,149,12,40.06238814,-88.20548418,605.03395
149.13A,149,13,40.06242893,-88.20548485,604.83725
149.14A,149,14,40.06247227,-88.205485,604.57411
149.15A,149,15,40.06251196,-88.20548453,604.47734
149.16A,149,16,40.06255277,-88.20548465,604.44124
149.17A,149,17,40.06259369,-88.20548376,604.56305
149.18A,149,18,40.06263585,-88.20548495,604.73726
149.19A,149,19,40.06267694,-88.20548489,604.75492
149.20A,149,20,40.06271775,-88.20548421,604.93146
149.21A,149,21,40.06275895,-88.20548517,604.87436
149.22A,149,22,40.06280197,-88.20548517,604.79078
149.23A,149,23,40.06284229,-88.20548515,604.88436
149.24A,149,24,40.06288539,-88.20548479,604.90935
149.25A,149,25,40.06292346,-88.20548485,604.97802
149.26A,149,26,40.06296632,-88.20548522,604.75735
153.01A,153,1,40.06193574,-88.20544766,605.47839
153.02A,153,2,40.06197965,-88.20544755,605.48578
153.03A,153,3,40.06202007,-88.20544744,605.37087
153.04A,153,4,40.06206201,-88.20544803,605.37435
153.05A,153,5,40.06210322,-88.20544758,605.3622
153.06A,153,6,40.06214342,-88.20544785,605.28437
153.07A,153,7,40.06218289,-88.20544826,605.2459
153.08A,153,8,40.06222458,-88.20544811,605.42228
153.09A,153,9,40.06226658,-88.20544809,605.45216
153.10A,153,10,40.0623091,-88.20544808,605.44481
153.11A,153,11,40.06234731,-88.20544704,605.23628
153.12A,153,12,40.06239048,-88.20544822,605.0351
153.13A,153,13,40.0624315,-88.20544751,604.88302
153.14A,153,14,40.06247381,-88.20544781,604.68572
153.15A,153,15,40.0625147,-88.2054474,604.65547
153.16A,153,16,40.06255602,-88.20544808,604.65758
153.17A,153,17,40.06259544,-88.20544777,604.80169
153.18A,153,18,40.06263737,-88.20544823,604.97329
153.19A,153,19,40.06267867,-88.20544719,605.01404
153.20A,153,20,40.06272098,-88.20544832,605.09368
153.21A,153,21,40.06276073,-88.20544786,605.11723
153.22A,153,22,40.06280277,-88.205447,605.01948
153.23A,153,23,40.06284389,-88.20544808,605.15234
153.24A,153,24,40.06288464,-88.20544798,605.13899
153.25A,153,25,40.06292566,-88.20544819,605.16814
153.26A,153,26,40.0629676,-88.20544757,604.94194
157.01A,157,1,40.06193666,-88.20541423,605.6491
157.02A,157,2,40.06197654,-88.20541271,605.61892
157.03A,157,3,40.06201738,-88.20541328,605.46548
157.04A,157,4,40.06205721,-88.20541274,605.38598
157.05A,157,5,40.06210064,-88.20541322,605.38116
157.06A,157,6,40.06214138,-88.20541326,605.25094
157.07A,157,7,40.06218324,-88.20541317,605.11274
157.08A,157,8,40.06222351,-88.20541319,605.06178
157.09A,157,9,40.0622643,-88.20541347,605.09093
157.010A,157,1,40.06230591,-88.20541408,605.06424
157.011A,157,1,40.06234839,-88.20541323,604.91668
157.012A,157,1,40.06238843,-88.2054132,604.77267
157.013A,157,1,40.0624301,-88.20541269,604.61694
157.014A,157,1,40.06247148,-88.20541392,604.43622
157.15A,157,15,40.06251203,-88.2054132,604.52308
157.16A,157,16,40.06255321,-88.2054137,604.62343
157.17A,157,17,40.06259443,-88.20541265,604.77286
157.18A,157,18,40.06263531,-88.20541375,604.9194
157.19A,157,19,40.06267736,-88.20541358,604.97828
157.20A,157,20,40.06271816,-88.20541334,605.02922
157.21A,157,21,40.06276011,-88.20541354,605.02737
157.22A,157,22,40.06280082,-88.20541299,605.01246
157.23A,157,23,40.06284236,-88.20541331,605.05302
157.24A,157,24,40.0628848,-88.20541279,605.15465
157.25A,157,25,40.06292383,-88.20541361,605.18083
157.26A,157,26,40.06296441,-88.20541304,604.93505
165.01A,165,1,40.06193701,-88.20534338,605.96881
165.02A,165,2,40.06197783,-88.2053426,605.86527
165.03A,165,3,40.06201801,-88.20534145,605.77935
165.04A,165,4,40.06206159,-88.20534235,605.66685
165.05A,165,5,40.06210128,-88.20534241,605.44484
165.06A,165,6,40.06214175,-88.2053431,605.2736
165.07A,165,7,40.06218405,-88.20534259,605.13655
165.08A,165,8,40.06222504,-88.20534141,605.03264
165.09A,165,9,40.06226597,-88.20534168,605.04428
165.10A,165,10,40.06230692,-88.2053427,604.92209
165.11A,165,11,40.06234891,-88.20534259,604.72802
165.12A,165,12,40.06238948,-88.20534267,604.63749
165.13A,165,13,40.0624308,-88.20534265,604.54634
165.14A,165,14,40.06247114,-88.20534263,604.53801
165.15A,165,15,40.06251507,-88.20534269,604.69363
165.16A,165,16,40.06255536,-88.20534218,604.85437
165.17A,165,17,40.06259595,-88.20534221,605.04986
165.18A,165,18,40.06263709,-88.20534259,605.21719
165.19A,165,19,40.06267711,-88.20534306,605.22563
165.20A,165,20,40.06271888,-88.20534234,605.38266
165.21A,165,21,40.0627604,-88.2053426,605.37678
165.22A,165,22,40.06280186,-88.20534213,605.35681
165.23A,165,23,40.06284337,-88.20534267,605.3937
165.24A,165,24,40.06288622,-88.20534158,605.44698
165.25A,165,25,40.062925,-88.20534254,605.44891
165.26A,165,26,40.06296592,-88.2053419,605.21167
