Day Number,LAI_File,Date,TransComp,Records,ScattCorr,LAI,SMP,PLOT ID,Height (m),Mean(GPS_lat),Mean(GPS_long),,Field IDs,Alias,Location,Block,Species,Treatment
156,P01-MXC2,20200604 11:06:46,a-p-s,2A 8B 1K 10G,none,2.49,8,MXC2,0.68,40.0668,-88.2011,,ZMB,MZB,Energy Farm,zero,Maize,Basalt
156,P01-MXC3,20200604 11:09:18,a-p-s,2A 8B 1K 10G,none,1.93,7,MXC3,0.65,40.0667,-88.2014,,BV,,Bondville,NA,Soybean,no-till
156,P01-MXC1,20200604 11:05:07,a-p-s,2A 8B 1K 10G,none,1.98,7,MXC1,0.62,40.0667,-88.2006,,ZMC,MZC,Energy Farm,five,Maize,Control
156,P01-SRG1,20200604 10:39:14,a-p-s,1K,none,0,0,SRG1,0.09,0,0,,MXB,,Energy Farm,zero,Miscanthus,Basalt
156,P01-ZMC1,20200604 10:35:40,a-p-s,1K,none,0,0,ZMC1,0.17,0,0,,MXC,,Energy Farm,five,Miscanthus,Control
156,P01-MXB3,20200604 10:14:45,a-p-s,2A 8B 1K 10G,none,2.46,4,MXB3,0.71,40.0629,-88.1988,,SRG,,Energy Farm,five,Sorghum,None
156,P01-MXB2,20200604 10:12:42,a-p-s,2A 8B 1K 10G,none,2.53,3,MXB2,0.9,40.0631,-88.1986,,SRW,,Energy Farm,five,Sorghum,Westside 
156,P01-MXB1,20200604 10:09:46,a-p-s,2A 8B 1K 10G,none,2.3,7,MXB1,0.81,40.0631,-88.1984,,SRE,,Energy Farm,five,Sorghum,Eastside
156,P01-ZMB1,20200604 10:06:22,a-p-s,1K,none,0,0,ZMB,0.16,0,0,,,,,,,
163,P02BV3,20200611 11:54:19,a-p-s,2A 8B 1K 10G,none,0.21,6,BV3-SOY,0.13,40.0062,-88.2872,,,,,,,
163,P02BV2,20200611 11:48:46,a-p-s,2A 8B 1K 10G,none,0.13,3,BV2-SOY,0.14,40.0068,-88.289,,,,,,,
163,P02BV1,20200611 11:47:26,a-p-s,2A 8B 1K 10G,none,0.18,8,BV1-SOY,0.14,40.005,-88.2917,,,,,,,
163,P02SRG3,20200611 10:41:09,a-p-s,2A 8B 1K 10G,none,1.65,5,SRG3,0.18,40.063,-88.203,,,,,,,
163,P02SRG2,20200611 10:39:52,a-p-s,2A 8B 1K 10G,none,1.57,2,SRG2,0.17,40.0627,-88.2027,,,,,,,
163,P02SRG1,20200611 10:37:28,a-p-s,2A 8B 1K 10G,none,1.89,4,SRG1,0.15,40.0627,-88.2025,,,,,,,
163,P02ZMC3,20200611 10:30:00,a-p-s,2A 8B 1K 10G,none,1.45,7,ZMC3-CN,0.23,40.0628,-88.2012,,,,,,,
163,P02ZMC2,20200611 10:28:36,a-p-s,2A 8B 1K 10G,none,1.74,5,ZMC1-CN,0.23,40.0633,-88.2006,,,,,,,
163,P02ZMC1,20200611 10:27:20,a-p-s,2A 8B 1K 10G,none,0.92,7,ZMC1-CN,0.25,0,0,,,,,,,
163,P02MXB3,20200611 10:22:27,a-p-s,2A 8B 1K 10G,none,3.78,7,MXB3,0.78,40.0631,-88.1981,,,,,,,
163,P02MXB2,20200611 10:20:33,a-p-s,2A 8B 1K 10G,none,2.13,6,MXB2,0.81,40.0627,-88.198,,,,,,,
163,P02MXB1,20200611 10:18:34,a-p-s,2A 8B 1K 10G,none,3.83,8,MXB1,0.82,40.0627,-88.1983,,,,,,,
163,P02ZMB3,20200611 10:04:52,a-p-s,2A 8B 1K 10G,none,1.4,2,ZMB3-CN,0.31,40.0627,-88.1962,,,,,,,
163,P02ZMB2,20200611 10:03:12,a-p-s,2A 8B 1K 10G,none,1,2,ZMB2-CN,0.31,40.0631,-88.1963,,,,,,,
163,P02ZMB1,20200611 10:01:36,a-p-s,2A 8B 1K 10G,none,0.9,4,ZMB1-CN,0.35,40.063,-88.1968,,,,,,,
163,P02MXC3,20200611 09:31:23,a-p-s,2A 8B 1K 10G,none,2.82,2,MXC3,0.73,40.0663,-88.2013,,,,,,,
163,P02MXC2,20200611 09:28:45,a-p-s,2A 8B 1K 10G,none,1.47,3,MXC2,0.79,40.0668,-88.2014,,,,,,,
163,P02MXC1,20200611 09:26:21,a-p-s,2A 8B 1K 10G,none,4.38,5,MXC1,0.75,40.0668,-88.201,,,,,,,
167,P03MXB3,20200615 10:35:38,a-p-s,2A 8B 1K 10G,none,4.12,6,MXB3,0.87,40.0625,-88.198,,,,,,,
167,P03MXB2,20200615 10:33:55,a-p-s,2A 8B 1K 10G,none,3.61,6,MXB2,0.76,40.0627,-88.1978,,,,,,,
167,P03MXB1,20200615 10:23:52,a-p-s,2A 8B 1K 10G,none,3.83,4,MXB1,0.82,40.0628,-88.1978,,,,,,,
167,P03MXC3,20200615 10:21:16,a-p-s,2A 8B 1K 10G,none,3.8,4,MXC3,0.75,40.0665,-88.2028,,,,,,,
167,P03MXC2,20200615 10:18:53,a-p-s,2A 8B 1K 10G,none,1.85,3,MXC2,0.77,40.0666,-88.2025,,,,,,,
167,P03MXC1,20200615 10:16:24,a-p-s,2A 8B 1K 10G,none,2.75,5,MXC1,0.69,40.067,-88.2025,,,,,,,
167,P03BV3,20200615 11:33:21,a-p-s,2A 8B 1K 10G,none,0.79,8,BV3-SOY,0.16,40.0055,-88.2869,,,,,,,
167,P03BV2,20200615 11:31:45,a-p-s,2A 8B 1K 10G,none,1.13,8,BV2-SOY,0.17,40.0058,-88.2868,,,,,,,
167,P03BV1,20200615 11:29:38,a-p-s,2A 8B 1K 10G,none,0.77,8,BV1-SOY,0.14,40.0061,-88.287,,,,,,,
167,P03SRG3,20200615 11:01:57,a-p-s,2A 8B 1K 10G,none,1.69,8,SRG3,0.27,40.0625,-88.203,,,,,,,
167,P03SRG2,20200615 11:00:37,a-p-s,2A 8B 1K 10G,none,2.07,8,SRG2,0.22,40.0624,-88.2028,,,,,,,
167,P03SRG1,20200615 10:58:22,a-p-s,2A 8B 1K 10G,none,1.7,8,SRG1,0.18,40.0624,-88.2025,,,,,,,
167,P03ZMC3,20200615 10:56:53,a-p-s,2A 8B 1K 10G,none,1.52,8,ZMC3-CN,0.34,40.0624,-88.2012,,,,,,,
167,P03ZMC2,20200615 10:55:26,a-p-s,2A 8B 1K 10G,none,1.27,5,ZMC2-CN,0.34,40.0625,-88.2014,,,,,,,
167,P03ZMC1,20200615 10:44:04,a-p-s,2A 8B 1K 10G,none,1.65,8,ZMC1-CN,0.42,40.0627,-88.2016,,,,,,,
167,P03ZMB3,20200615 10:42:06,a-p-s,2A 8B 1K 10G,none,1.62,6,ZMB3-CN,0.33,40.0623,-88.1964,,,,,,,
167,P03ZMB2,20200615 10:40:45,a-p-s,2A 8B 1K 10G,none,1.75,5,ZMB2,0.4,40.0624,-88.1965,,,,,,,
167,P03ZMB1,20200615 10:37:52,a-p-s,2A 8B 1K 10G,none,1.29,3,ZMB1,0.39,40.0625,-88.1968,,,,,,,
170,PO4MXC3,20200618 13:34:57,a-p-s,2A 8B 1K 10G,none,1.77,6,MXC3,0.88,40.0664,-88.2021,,,,,,,
170,PO4MXC2,20200618 13:32:54,a-p-s,2A 8B 1K 10G,none,1.7,7,MXC2,0.92,40.0665,-88.202,,,,,,,
170,PO4MXC1,20200618 13:30:59,a-p-s,2A 8B 1K 10G,none,1.76,8,MXC1,0.93,40.0666,-88.2022,,,,,,,
170,PO4BV3,20200618 14:44:24,a-p-s,2A 8B 1K 10G,none,0.63,2,BV3-SOY,0.18,40.0054,-88.2929,,,,,,,
170,PO4BV2,20200618 14:42:57,a-p-s,2A 8B 1K 10G,none,0,0,BV2-SOY,0.15,40.0053,-88.2928,,,,,,,
170,PO4BV1,20200618 14:48:09,a-p-s,2A 8B 1K 10G,none,0.45,2,BV1-SOY,0.17,28.0037,-61.8045,,,,,,,
170,PO4ZMB3,20200618 14:10:24,a-p-s,2A 8B 1K 10G,none,0.34,6,ZMB3-CN,0.41,40.063,-88.1964,,,,,,,
170,PO4ZMB2,20200618 14:09:06,a-p-s,2A 8B 1K 10G,none,0.55,7,ZMB2-CN,0.42,40.063,-88.1965,,,,,,,
170,PO4ZMB1,20200618 14:04:44,a-p-s,2A 8B 1K 10G,none,0.39,2,ZMB1-CN,0.43,40.0629,-88.1968,,,,,,,
170,PO4MXB3,20200618 14:02:48,a-p-s,2A 8B 1K 10G,none,2.05,8,MXB3,0.94,40.063,-88.1979,,,,,,,
170,PO4MXB2,20200618 14:01:09,a-p-s,2A 8B 1K 10G,none,2.04,8,MXB2,0.92,40.063,-88.1978,,,,,,,
170,PO4MXB1,20200618 13:52:35,a-p-s,2A 8B 1K 10G,none,1.86,8,MXB1,0.9,40.063,-88.1976,,,,,,,
170,PO4ZMC3,20200618 13:51:16,a-p-s,2A 8B 1K 10G,none,0.84,5,ZMC3-CN,0.53,40.0629,-88.2014,,,,,,,
170,PO4ZMC2,20200618 13:49:54,a-p-s,2A 8B 1K 10G,none,0.51,5,ZMC2-CN,0.42,40.0629,-88.2015,,,,,,,
170,PO4ZMC1,20200618 13:47:54,a-p-s,2A 8B 1K 10G,none,0.51,6,ZMC1-CN,0.49,40.063,-88.2017,,,,,,,
170,PO4SRG3,20200618 13:46:23,a-p-s,2A 8B 1K 10G,none,0.55,4,SRG3,0.33,40.063,-88.2027,,,,,,,
170,PO4SRG2,20200618 13:45:13,a-p-s,2A 8B 1K 10G,none,0.71,4,SRG2,0.39,40.0631,-88.2025,,,,,,,
170,PO4SRG1,20200618 13:43:57,a-p-s,2A 8B 1K 10G,none,0.53,5,SRG1,0.4,40.0632,-88.2024,,,,,,,
175,P05MXC3,20200623 09:38:05,a-p-s,2A 8B 1K 10G,none,3.56,5,MXC3,0.98,40.0663,-88.2006,,,,,,,
175,P05MXC2,20200623 09:36:01,a-p-s,2A 8B 1K 10G,none,3.4,6,MXC2,0.95,40.0669,-88.2005,,,,,,,
175,P05MXC1,20200623 09:33:31,a-p-s,2A 8B 1K 10G,none,2.83,4,MXC1,0.96,40.0668,-88.2006,,,,,,,
175,P05BV3,20200623 10:50:18,a-p-s,2A 8B 1K 10G,none,1.65,7,BV3-CN,0.31,40.0043,-88.2917,,,,,,,
175,P05BV2,20200623 10:49:05,a-p-s,2A 8B 1K 10G,none,2.68,4,BV2-CN,0.29,40.0044,-88.2918,,,,,,,
175,P05BV1,20200623 10:48:13,a-p-s,2A 8B 1K 10G,none,2.8,4,BV1-CN,0.31,40.0045,-88.292,,,,,,,
175,P05SRG3,20200623 10:16:39,a-p-s,2A 8B 1K 10G,none,1.8,5,SRG3,0.46,40.0631,-88.203,,,,,,,
175,P05SRG2,20200623 10:15:21,a-p-s,2A 8B 1K 10G,none,1.53,6,SRG2,0.44,40.0632,-88.2028,,,,,,,
175,P05SRG1,20200623 10:12:31,a-p-s,2A 8B 1K 10G,none,1.45,3,SRG1,0.52,40.0633,-88.2027,,,,,,,
175,P05ZMC3,20200623 10:10:46,a-p-s,2A 8B 1K 10G,none,3.19,1,ZMC3-CN,0.71,40.0633,-88.2011,,,,,,,
175,P05ZMC2,20200623 10:09:11,a-p-s,2A 8B 1K 10G,none,2.13,4,ZMC2-CN,0.67,40.0632,-88.2014,,,,,,,
175,P05ZMC1,20200623 10:01:53,a-p-s,2A 8B 1K 10G,none,1.98,3,ZMC1-CN,0.64,40.0631,-88.2016,,,,,,,
175,P05ZMB3,20200623 10:00:21,a-p-s,2A 8B 1K 10G,none,2.02,6,ZMB3-CN,0.65,40.0625,-88.1964,,,,,,,
175,P05ZMB2,20200623 09:58:49,a-p-s,2A 8B 1K 10G,none,1.63,5,ZMB2-CN,0.71,40.0625,-88.1966,,,,,,,
175,P05ZMB1,20200623 09:55:37,a-p-s,2A 8B 1K 10G,none,2.66,4,ZMB1,0.61,40.0625,-88.1968,,,,,,,
175,P05MXB3,20200623 09:53:13,a-p-s,2A 8B 1K 10G,none,4.4,8,MXB3,1.29,40.0625,-88.1979,,,,,,,
175,P05MXB2,20200623 09:51:11,a-p-s,2A 8B 1K 10G,none,3.22,7,MXB2,1.1,40.0626,-88.1979,,,,,,,
175,P05MXB1,20200623 09:47:49,a-p-s,2A 8B 1K 10G,none,4,6,MXB1,1.18,40.0626,-88.1978,,,,,,,
178,P06MXB3,20200626 08:05:02,a-p-s,2A 8B 1K 10G,none,4.53,7,MXB3,1.63,40.063,-88.1991,,,,,,,
178,P06MXB2,20200626 08:02:38,a-p-s,2A 8B 1K 10G,none,5.04,8,MXB2,1.32,40.0631,-88.1992,,,,,,,
178,P06MXB1,20200626 07:55:45,a-p-s,2A 8B 1K 10G,none,4.47,8,MXB1,1.65,40.0631,-88.1993,,,,,,,
178,P06ZMB3,20200626 07:54:09,a-p-s,2A 8B 1K 10G,none,1.31,6,ZMB3-CN,0.89,40.0633,-88.1959,,,,,,,
178,P06ZMB2,20200626 07:52:26,a-p-s,2A 8B 1K 10G,none,1.14,4,ZMB2-CN,0.84,40.0632,-88.1957,,,,,,,
178,P06ZMB1,20200626 07:50:32,a-p-s,2A 8B 1K 10G,none,0.97,7,ZMB1-CN,0.95,40.0631,-88.1954,,,,,,,
178,P06MXC3,20200626 07:38:07,a-p-s,2A 8B 1K 10G,none,2.23,8,MXC3,1.21,40.0662,-88.2018,,,,,,,
178,P06MXC2,20200626 07:35:45,a-p-s,2A 8B 1K 10G,none,1.86,7,MXC2,1.18,40.0663,-88.2017,,,,,,,
178,P06MXC1,20200626 07:33:24,a-p-s,2A 8B 1K 10G,none,2.14,7,MXC1,1.11,40.0665,-88.2017,,,,,,,
178,P06BV3,20200626 09:07:10,a-p-s,2A 8B 1K 10G,none,1.62,4,BV3-SOY,0.29,40.0055,-88.2881,,,,,,,
178,P06BV2,20200626 09:05:33,a-p-s,2A 8B 1K 10G,none,0.76,1,BV2-SOY,0.21,40.0056,-88.2878,,,,,,,
178,P06BV1,20200626 09:03:33,a-p-s,2A 8B 1K 10G,none,1.56,2,BV-SOY,0.33,40.0058,-88.2874,,,,,,,
178,P06SRW3,20200626 08:32:02,a-p-s,2A 8B 1K 10G,none,0,0,SRW3,0.09,40.0628,-88.2039,,,,,,,
178,P06SRW2,20200626 08:30:40,a-p-s,2A 8B 1K 10G,none,0,0,SRW2,0.07,40.0628,-88.2041,,,,,,,
178,P06SRW1,20200626 08:26:04,a-p-s,2A 8B 1K 10G,none,0,0,SRW1,0.07,40.0629,-88.2042,,,,,,,
178,P06SRE3,20200626 08:24:33,a-p-s,2A 8B 1K 10G,none,1.19,3,SRE3,0.5,40.0625,-88.2029,,,,,,,
178,P06SRE2,20200626 08:23:09,a-p-s,2A 8B 1K 10G,none,1.42,2,SRE2,0.59,40.0626,-88.2027,,,,,,,
178,P06SRE1,20200626 08:22:05,a-p-s,2A 8B 1K 10G,none,1.5,1,SRE1,0.42,40.0627,-88.2025,,,,,,,
178,P06ZMC3,20200626 08:15:08,a-p-s,2A 8B 1K 10G,none,1.54,5,ZMC3-CN,0.97,40.0633,-88.2008,,,,,,,
178,P06ZMC2,20200626 08:13:26,a-p-s,2A 8B 1K 10G,none,1.17,3,ZMC2-CN,0.83,40.0632,-88.2005,,,,,,,
178,P06ZMC1,20200626 08:07:38,a-p-s,2A 8B 1K 10G,none,1.33,6,ZMC1-CN,0.86,40.0632,-88.2001,,,,,,,
182,P07BV3,20200630 11:09:48,a-p-s,2A 8B 1K 10G,none,2.53,6,BV3-SOY,0.43,40.0052,-88.2913,,,,,,,
182,P07BV2,20200630 11:08:27,a-p-s,2A 8B 1K 10G,none,1.77,4,BV2-SOY,0.38,40.0052,-88.2916,,,,,,,
182,P07BV1,20200630 11:06:48,a-p-s,2A 8B 1K 10G,none,1.67,5,BV1-SOY,0.37,40.0053,-88.2919,,,,,,,
182,P07SRW3,20200630 10:38:46,a-p-s,2A 8B 1K 10G,none,0,0,SRW3,0.15,40.0629,-88.2041,,,,,,,
182,P07SRW2,20200630 10:37:59,a-p-s,2A 8B 1K 10G,none,0,0,SRW2,0.15,40.0631,-88.2042,,,,,,,
182,P07SRW1,20200630 10:35:33,a-p-s,2A 8B 1K 10G,none,0,0,SRW1,0.13,40.0632,-88.2041,,,,,,,
182,P07SRE3,20200630 10:32:55,a-p-s,2A 8B 1K 10G,none,1.92,7,SRE3,0.8,40.0632,-88.203,,,,,,,
182,P07SRE2,20200630 10:31:35,a-p-s,2A 8B 1K 10G,none,1.93,8,SRE2,0.89,40.0632,-88.2028,,,,,,,
182,P07SRE1,20200630 10:29:15,a-p-s,2A 8B 1K 10G,none,1.71,8,SRE1,0.81,40.0631,-88.2025,,,,,,,
182,P07ZMC3,20200630 10:27:24,a-p-s,2A 8B 1K 10G,none,2.12,8,ZMC3-CN,1.15,40.0631,-88.2013,,,,,,,
182,P07ZMC2,20200630 10:25:48,a-p-s,2A 8B 1K 10G,none,1.87,8,ZMC2-CN,1.24,40.063,-88.2015,,,,,,,
182,P07ZMC1,20200630 10:18:58,a-p-s,2A 8B 1K 10G,none,2.1,7,ZMC1-CN,1.21,40.063,-88.2017,,,,,,,
182,P07ZMB3,20200630 10:17:21,a-p-s,2A 8B 1K 10G,none,1.84,8,ZMB3-CN,0.97,40.0629,-88.1964,,,,,,,
182,P07ZMB2,20200630 10:15:31,a-p-s,2A 8B 1K 10G,none,2.06,7,ZMB2-CN,1.14,40.0629,-88.1966,,,,,,,
182,P07ZMB1,20200630 10:09:39,a-p-s,2A 8B 1K 10G,none,2.17,6,ZMB1-CN,0.99,40.0628,-88.1968,,,,,,,
182,P07MXB3,20200630 10:07:18,a-p-s,2A 8B 1K 10G,none,3.95,8,MXB3,1.42,40.0627,-88.1979,,,,,,,
182,P07MXB2,20200630 10:04:56,a-p-s,2A 8B 1K 10G,none,2.81,8,MXB2,1.27,40.0628,-88.1979,,,,,,,
182,P07MXB1,20200630 09:57:09,a-p-s,2A 8B 1K 10G,none,3.08,8,MXB1,1.23,40.0629,-88.1977,,,,,,,
182,P07MXC3,20200630 09:54:58,a-p-s,2A 8B 1K 10G,none,3.44,8,MXC3,1.39,40.0667,-88.2003,,,,,,,
182,P07MXC2,20200630 09:53:06,a-p-s,2A 8B 1K 10G,none,2.84,8,MXC2,1.42,40.0666,-88.2005,,,,,,,
182,P07MXC1,20200630 09:50:57,a-p-s,2A 8B 1K 10G,none,2.19,8,MXC1,1.21,40.0667,-88.2006,,,,,,,
188,P08ZMB3,20200706 10:09:40,a-p-s,2A 8B 1K 10G,none,4.13,6,ZMB3-CN,2.05,40.0627,-88.1964,,,,,,,
188,P08ZMB2,20200706 10:07:49,a-p-s,2A 8B 1K 10G,none,3.69,7,ZMB2-CN,1.74,40.0627,-88.1966,,,,,,,
188,P08ZMB1,20200706 10:01:34,a-p-s,2A 8B 1K 10G,none,3.44,7,ZMB1-CN,1.67,40.0627,-88.1969,,,,,,,
188,P08MXB3,20200706 09:59:05,a-p-s,2A 8B 1K 10G,none,5.17,7,MXB3,1.72,40.0626,-88.1976,,,,,,,
188,P08MXB2,20200706 09:57:10,a-p-s,2A 8B 1K 10G,none,4.26,8,MXB2,1.73,40.0627,-88.1975,,,,,,,
188,P08MXB1,20200706 09:48:16,a-p-s,2A 8B 1K 10G,none,4.02,8,MXB1,1.46,40.0628,-88.1975,,,,,,,
188,P08MXC3,20200706 09:46:10,a-p-s,2A 8B 1K 10G,none,2.7,7,MXC3,1.4,40.0671,-88.2023,,,,,,,
188,P08MXC2,20200706 09:43:52,a-p-s,2A 8B 1K 10G,none,4.55,8,MXC2,1.56,40.0671,-88.2024,,,,,,,
188,P08MXC1,20200706 09:38:22,a-p-s,2A 8B 1K 10G,none,3.03,8,MXC1,1.46,40.067,-88.2025,,,,,,,
188,P08BV3,20200706 11:10:51,a-p-s,2A 8B 1K 10G,none,3.21,8,BV3-SOY,0.55,40.0061,-88.2863,,,,,,,
188,P08BV2,20200706 11:09:19,a-p-s,2A 8B 1K 10G,none,3.09,8,BV2-SOY,0.51,40.006,-88.2866,,,,,,,
188,P08BV1,20200706 11:07:33,a-p-s,2A 8B 1K 10G,none,2.78,8,BV1-SOY,0.49,40.0059,-88.2868,,,,,,,
188,P08SRW3,20200706 10:35:09,a-p-s,2A 8B 1K 10G,none,1.3,2,SRW3,0.22,40.0624,-88.2039,,,,,,,
188,P08SRW2,20200706 10:34:02,a-p-s,2A 8B 1K 10G,none,1.55,4,SRW2,0.29,40.0624,-88.2038,,,,,,,
188,P08SRW1,20200706 10:32:03,a-p-s,2A 8B 1K 10G,none,1.32,5,SRW1,0.21,40.0625,-88.2038,,,,,,,
188,P08SRE3,20200706 10:30:14,a-p-s,2A 8B 1K 10G,none,4.15,8,SRE3,1.24,40.0625,-88.203,,,,,,,
188,P08SRE2,20200706 10:28:27,a-p-s,2A 8B 1K 10G,none,3.92,7,SRE2,1.4,40.0624,-88.2027,,,,,,,
188,P08SRE1,20200706 10:24:35,a-p-s,2A 8B 1K 10G,none,3.44,7,SRE1,1.17,40.0624,-88.2024,,,,,,,
188,P08ZMC3,20200706 10:22:33,a-p-s,2A 8B 1K 10G,none,4.46,6,ZMC3-CN,1.91,40.0623,-88.2012,,,,,,,
188,P08ZMC2,20200706 10:20:13,a-p-s,2A 8B 1K 10G,none,3.98,7,ZMC2-CN,1.8,40.0624,-88.2014,,,,,,,
188,P08ZMC1,20200706 10:11:45,a-p-s,2A 8B 1K 10G,none,3.15,6,ZMC1-CN,1.65,40.0624,-88.2017,,,,,,,
195,P09ZMB3,20200713 07:55:42,a-p-s,2A 8B 1K 10G,none,4.07,8,ZMB3-CN,1.98,40.063,-88.196,,,,,,,
195,P09ZMB2,20200713 07:53:11,a-p-s,2A 8B 1K 10G,none,2.47,8,ZMB2-CN,2.03,40.0631,-88.1964,,,,,,,
195,P09ZMB1,20200713 07:47:38,a-p-s,2A 8B 1K 10G,none,3.86,8,ZMB1-CN,2.18,40.0631,-88.1969,,,,,,,
195,P09MXB3,20200713 07:44:59,a-p-s,2A 8B 1K 10G,none,6.96,8,MXB3,2,40.0626,-88.198,,,,,,,
195,P09MXB2,20200713 07:42:23,a-p-s,2A 8B 1K 10G,none,6.86,8,MXB2,1.9,40.0626,-88.1979,,,,,,,
195,P09MXB1,20200713 07:30:13,a-p-s,2A 8B 1K 10G,none,7.1,8,MXB1,2.1,40.0626,-88.1977,,,,,,,
195,P09MXC3,20200713 07:27:25,a-p-s,2A 8B 1K 10G,none,5.13,8,MXC3,1.88,40.0664,-88.2002,,,,,,,
195,P09MXC2,20200713 07:25:10,a-p-s,2A 8B 1K 10G,none,4.8,8,MXC2,1.8,40.0664,-88.2005,,,,,,,
195,P09MXC1,20200713 07:20:23,a-p-s,2A 8B 1K 10G,none,3.38,7,MXC1,1.64,40.0664,-88.2007,,,,,,,
195,P09BV3,20200713 09:24:11,a-p-s,2A 8B 1K 10G,none,4.58,7,BV3-SOY,0.63,40.0046,-88.2907,,,,,,,
195,P09BV2,20200713 09:22:10,a-p-s,2A 8B 1K 10G,none,5.85,7,BV2-SOY,0.68,40.0047,-88.2912,,,,,,,
195,P09BV1,20200713 09:20:11,a-p-s,2A 8B 1K 10G,none,5.12,5,BV1-SOY,0.59,40.0047,-88.2917,,,,,,,
195,P09SRW3,20200713 08:46:07,a-p-s,2A 8B 1K 10G,none,0.91,1,SRW3,0.37,40.0629,-88.2039,,,,,,,
195,P09SRW2,20200713 08:44:34,a-p-s,2A 8B 1K 10G,none,0,0,SRW2,0.27,40.063,-88.204,,,,,,,
195,P09SRW1,20200713 08:42:26,a-p-s,2A 8B 1K 10G,none,1.03,5,SRW1,0.4,40.0631,-88.204,,,,,,,
195,P09SRE3,20200713 08:41:16,a-p-s,2A 8B 1K 10G,none,3.94,8,SRE3,1.58,40.0631,-88.2032,,,,,,,
195,P09SRE2,20200713 08:37:43,a-p-s,2A 8B 1K 10G,none,4.56,8,SRE2,1.23,40.063,-88.2028,,,,,,,
195,P09SRE1,20200713 08:26:19,a-p-s,2A 8B 1K 10G,none,4.7,8,SRE1,1.56,40.063,-88.2025,,,,,,,
195,P09ZMC3,20200713 08:23:36,a-p-s,2A 8B 1K 10G,none,3.73,8,ZMC3-CN,2.08,40.0627,-88.201,,,,,,,
195,P09ZMC2,20200713 08:21:32,a-p-s,2A 8B 1K 10G,none,5.3,7,ZMC2-CN,0.9,40.0629,-88.2015,,,,,,,
195,P09ZMC1,20200713 07:58:02,a-p-s,2A 8B 1K 10G,none,7.07,8,ZMC1-CN,1.52,40.063,-88.2017,,,,,,,
199,P10MXC3,20200717 07:11:29,a-p-s,2A 8B 1K 10G,none,5.18,8,MXC3,1.98,40.0658,-88.2006,,,,,,,
199,P10MXC2,20200717 07:08:55,a-p-s,2A 8B 1K 10G,none,4.6,8,MXC2,1.81,40.0657,-88.201,,,,,,,
199,P10MXC1,20200717 07:06:11,a-p-s,2A 8B 1K 10G,none,3.47,8,MXC1,1.5,40.0657,-88.2012,,,,,,,
199,P10BV3,20200717 08:49:29,a-p-s,2A 8B 1K 10G,none,3.84,8,BV3-SOY,0.6,40.0067,-88.2904,,,,,,,
199,P10BV2,20200717 08:47:40,a-p-s,2A 8B 1K 10G,none,4.66,8,BV2-SOY,0.65,40.0068,-88.2907,,,,,,,
199,P10BV1,20200717 08:46:18,a-p-s,2A 8B 1K 10G,none,5.12,6,BV1-SOY,0.67,40.0071,-88.2905,,,,,,,
199,P10SRW3,20200717 08:14:11,a-p-s,2A 8B 1K 10G,none,2.73,4,SRW3,0.52,40.0628,-88.2042,,,,,,,
199,P10SRW2,20200717 08:12:41,a-p-s,2A 8B 1K 10G,none,2.46,4,SRW2,0.49,40.0627,-88.2041,,,,,,,
199,P10SRW1,20200717 08:10:22,a-p-s,2A 8B 1K 10G,none,2.07,5,SRW1,0.59,40.0626,-88.2039,,,,,,,
199,P10SRE3,20200717 08:08:18,a-p-s,2A 8B 1K 10G,none,3.74,5,SRE3,1.5,40.0626,-88.2029,,,,,,,
199,P10SRE2,20200717 08:06:00,a-p-s,2A 8B 1K 10G,none,3.9,7,SRE2,1.61,40.0625,-88.2027,,,,,,,
199,P10SRE1,20200717 07:59:41,a-p-s,2A 8B 1K 10G,none,4.63,7,SRE1,1.66,40.0625,-88.2025,,,,,,,
199,P10ZMC3,20200717 07:56:48,a-p-s,2A 8B 1K 10G,none,5.62,8,ZMC3-CN,1.76,40.0624,-88.201,,,,,,,
199,P10ZMC2,20200717 07:54:46,a-p-s,2A 8B 1K 10G,none,5.08,8,ZMC2-CN,1.82,40.0624,-88.2015,,,,,,,
199,P10ZMC1,20200717 07:43:34,a-p-s,2A 8B 1K 10G,none,3.71,8,ZMC1-CN,1.89,40.0625,-88.2017,,,,,,,
199,P10ZMB3,20200717 07:40:49,a-p-s,2A 8B 1K 10G,none,5.48,8,ZMB3-CN,2.21,40.0627,-88.1963,,,,,,,
199,P10ZMB2,20200717 07:38:58,a-p-s,2A 8B 1K 10G,none,4.96,8,ZMB2-CN,2.09,40.0627,-88.1966,,,,,,,
199,P10ZMB1,20200717 07:32:55,a-p-s,2A 8B 1K 10G,none,5.23,7,ZMB1-CN,2.08,40.0627,-88.1968,,,,,,,
199,P10MXB3,20200717 07:29:11,a-p-s,2A 8B 1K 10G,none,4.93,8,MXB3,1.76,40.063,-88.198,,,,,,,
199,P10MXB2,20200717 07:25:53,a-p-s,2A 8B 1K 10G,none,6.14,8,MXB2,1.88,40.0631,-88.1978,,,,,,,
199,P10MXB1,20200717 07:14:32,a-p-s,2A 8B 1K 10G,none,5.11,8,MXB1,1.94,40.0631,-88.1976,,,,,,,
204,P11MXC3,20200722 07:33:23,a-p-s,2A 8B 1K 10G,none,4.3,8,MXC3,2.04,40.0671,-88.2021,,,,,,,
204,P11MXC2,20200722 07:29:51,a-p-s,2A 8B 1K 10G,none,3.32,8,MXC2,1.74,40.067,-88.2023,,,,,,,
204,P11MXC1,20200722 07:27:30,a-p-s,2A 8B 1K 10G,none,3.95,8,MXC1,1.71,40.0669,-88.2024,,,,,,,
204,P11BV3,20200722 09:56:33,a-p-s,2A 8B 1K 10G,none,5.39,8,BV3-SOY,0.74,40.0049,-88.2933,,,,,,,
204,P11BV2,20200722 09:53:23,a-p-s,2A 8B 1K 10G,none,4.76,8,BV2-SOY,0.83,40.0045,-88.2917,,,,,,,
204,P11BV1,20200722 09:48:13,a-p-s,2A 8B 1K 10G,none,5.61,8,BV1-SOY,0.79,40.0042,-88.2933,,,,,,,
204,P11SRW3,20200722 08:59:57,a-p-s,2A 8B 1K 10G,none,1.71,7,SRW3,0.87,40.0632,-88.2042,,,,,,,
204,P11SRW2,20200722 08:58:01,a-p-s,2A 8B 1K 10G,none,1.62,8,SRW2,0.94,40.0634,-88.2042,,,,,,,
204,P11SRW1,20200722 08:55:07,a-p-s,2A 8B 1K 10G,none,2.5,8,SRW1,0.99,40.0635,-88.2042,,,,,,,
204,P11SRE3,20200722 08:52:53,a-p-s,2A 8B 1K 10G,none,4.06,8,SRE3,1.62,40.0635,-88.2029,,,,,,,
204,P11SRE2,20200722 08:50:52,a-p-s,2A 8B 1K 10G,none,3.39,8,SRE2,2.18,40.0634,-88.2026,,,,,,,
204,P11SRE1,20200722 08:47:35,a-p-s,2A 8B 1K 10G,none,3.34,8,SRE1,1.84,40.0634,-88.2024,,,,,,,
204,P11ZMC3,20200722 08:42:40,a-p-s,2A 8B 1K 10G,none,4.5,8,ZMC3-CN,2.09,40.0634,-88.2017,,,,,,,
204,P11ZMC2,20200722 08:38:59,a-p-s,2A 8B 1K 10G,none,3.31,8,ZMC2-CN,2.28,40.0636,-88.2005,,,,,,,
204,P11ZMC1,20200722 08:37:38,a-p-s,2A 8B 1K 10G,none,3.12,8,ZMC1-CN,2.35,40.0634,-88.1999,,,,,,,
204,P11MXB3,20200722 08:28:48,a-p-s,2A 8B 1K 10G,none,4.77,8,MXB3,1.69,40.0629,-88.1987,,,,,,,
204,P11MXB2,20200722 08:25:46,a-p-s,2A 8B 1K 10G,none,4.99,8,MXB2,1.74,40.063,-88.1982,,,,,,,
204,P11MXB1,20200722 08:20:26,a-p-s,2A 8B 1K 10G,none,4.48,8,MXB1,2.01,40.0629,-88.1977,,,,,,,
204,P11ZMB3,20200722 08:12:37,a-p-s,2A 8B 1K 10G,none,4.39,8,ZMB3-CN,2.43,40.0633,-88.1962,,,,,,,
204,P11ZMB2,20200722 08:10:35,a-p-s,2A 8B 1K 10G,none,3.12,8,ZMB2-CN,2.26,40.0633,-88.1956,,,,,,,
204,P11ZMB1,20200722 08:06:49,a-p-s,2A 8B 1K 10G,none,5.15,8,ZMB1-CN,2.23,40.0633,-88.1953,,,,,,,
210,P12BV3,20200728 12:38:56,a-p-s,2A 8B 1K 10G,none,3.64,8,BV3-SOY,0.91,40.006,-88.2886,,,,,,,
210,P12BV2,20200728 12:37:09,a-p-s,2A 8B 1K 10G,none,4.48,8,BV2-SOY,0.94,40.0059,-88.2882,,,,,,,
210,P12BV1,20200728 12:34:24,a-p-s,2A 8B 1K 10G,none,4.01,8,BV1-SOY,0.87,40.0059,-88.2878,,,,,,,
210,P12SRW3,20200728 09:02:17,a-p-s,2A 8B 1K 10G,none,3.27,8,SRW3,1.39,40.0631,-88.2042,,,,,,,
210,P12SRW2,20200728 09:00:29,a-p-s,2A 8B 1K 10G,none,4.71,8,SRW2,1.42,40.0632,-88.2042,,,,,,,
210,P12SRW1,20200728 08:57:13,a-p-s,2A 8B 1K 10G,none,4.42,8,SRW1,1.56,40.0633,-88.2042,,,,,,,
210,P12SRE3,20200728 08:54:53,a-p-s,2A 8B 1K 10G,none,6.11,7,SRE3,2.37,40.0633,-88.203,,,,,,,
210,P12SRE2,20200728 08:52:44,a-p-s,2A 8B 1K 10G,none,6.09,7,SRE2,2.3,40.0633,-88.2027,,,,,,,
210,P12SRE1,20200728 08:48:19,a-p-s,2A 8B 1K 10G,none,5.83,8,SRE1,2.31,40.0632,-88.2024,,,,,,,
210,P12ZMC3,20200728 08:46:04,a-p-s,2A 8B 1K 10G,none,5.56,8,ZMC3-CN,2.04,40.0632,-88.2012,,,,,,,
210,P12ZMC2,20200728 08:43:48,a-p-s,3A 7B 1K 10G,none,3.4,7,ZMC2-CN,2.18,40.0631,-88.2015,,,,,,,
210,P12ZMC1,20200728 08:31:47,a-p-s,2A 8B 1K 10G,none,3.52,8,ZMC1-CN,1.97,40.0631,-88.2017,,,,,,,
210,P12ZMB3,20200728 08:29:17,a-p-s,2A 8B 1K 10G,none,6.5,8,ZMB3-CN,2.08,40.0625,-88.1963,,,,,,,
210,P12ZMB2,20200728 08:27:17,a-p-s,2A 8B 1K 10G,none,5.44,8,ZMB2-CN,2.26,40.0625,-88.1967,,,,,,,
210,P12ZMB1,20200728 08:08:06,a-p-s,2A 8B 1K 10G,none,5.95,8,ZMB1-CN,2.38,40.0625,-88.1969,,,,,,,
210,P12MXB3,20200728 08:05:27,a-p-s,2A 8B 1K 10G,none,6.91,8,MXB3,2.42,40.0626,-88.1978,,,,,,,
210,P12MXB2,20200728 08:02:21,a-p-s,2A 8B 1K 10G,none,6.37,8,MXB2,2.43,40.0625,-88.1977,,,,,,,
210,P12MXB1,20200728 07:53:51,a-p-s,2A 8B 1K 10G,none,7.1,8,MXB1,2.34,40.0625,-88.1975,,,,,,,
210,P12MXC3,20200728 07:50:50,a-p-s,2A 8B 1K 10G,none,5.62,8,MXC3,1.94,40.0665,-88.2013,,,,,,,
210,P12MXC2,20200728 07:48:34,a-p-s,2A 8B 1K 10G,none,5.25,8,MXC2,1.82,40.0667,-88.2014,,,,,,,
210,P12MXC1,20200728 07:44:50,a-p-s,2A 8B 1K 10G,none,4.26,8,MXC1,1.71,40.0667,-88.2012,,,,,,,
213,P13BV3,20200731 09:09:01,a-p-s,2A 8B 1K 10G,none,6.32,8,BV3-SOY,0.91,40.0054,-88.2926,,,,,,,
213,P13BV2,20200731 09:06:27,a-p-s,2A 8B 1K 10G,none,7.39,8,BV2-SOY,0.93,40.0053,-88.2912,,,,,,,
213,P13BV1,20200731 09:03:24,a-p-s,2A 8B 1K 10G,none,8.35,8,BV-SOY,0.99,40.0053,-88.2916,,,,,,,
213,P13SRW3,20200731 08:25:08,a-p-s,2A 8B 1K 10G,none,3.72,8,SRW3,1.64,40.0627,-88.2042,,,,,,,
213,P13SRW2,20200731 08:23:05,a-p-s,2A 8B 1K 10G,none,3.41,8,SRW2,1.59,40.0626,-88.2041,,,,,,,
213,P13SRW1,20200731 08:20:35,a-p-s,2A 8B 1K 10G,none,3.51,8,SRW1,1.55,40.0625,-88.2039,,,,,,,
213,P13SRE3,20200731 08:18:22,a-p-s,2A 8B 1K 10G,none,4.48,8,SRE3,2.39,40.0625,-88.2032,,,,,,,
213,P13SRE2,20200731 08:16:10,a-p-s,2A 8B 1K 10G,none,4.8,8,SRE2,2.61,40.0625,-88.2029,,,,,,,
213,P13SRE1,20200731 08:12:07,a-p-s,2A 8B 1K 10G,none,4.51,8,SRE1,2.47,40.0625,-88.2024,,,,,,,
213,P13ZMC3,20200731 08:10:01,a-p-s,2A 8B 1K 10G,none,3.69,8,ZMC3-CN,2.41,40.0624,-88.2013,,,,,,,
213,P13ZMC2,20200731 08:08:13,a-p-s,2A 8B 1K 10G,none,4.06,8,ZMC2-CN,2.26,40.0624,-88.2015,,,,,,,
213,P13ZMC1,20200731 08:00:27,a-p-s,2A 8B 1K 10G,none,3.27,8,ZMC1-CN,2.29,40.0625,-88.2017,,,,,,,
213,P13ZMB3,20200731 07:58:34,a-p-s,2A 8B 1K 10G,none,5.13,8,ZMB3-CN,2.39,40.0628,-88.1965,,,,,,,
213,P13ZMB2,20200731 07:57:02,a-p-s,2A 8B 1K 10G,none,3.29,8,ZMB2-CN,2.26,40.0628,-88.1967,,,,,,,
213,P13ZMB1,20200731 07:54:18,a-p-s,2A 8B 1K 10G,none,3.48,8,ZMB1-CN,2.28,40.0628,-88.1969,,,,,,,
213,P13MXB3,20200731 07:51:27,a-p-s,2A 8B 1K 10G,none,4.8,8,MXB3,2.07,40.0628,-88.1976,,,,,,,
213,P13MXB2,20200731 07:48:27,a-p-s,2A 8B 1K 10G,none,8.2,8,MXB2,2.56,40.0627,-88.1977,,,,,,,
213,P13MXB1,20200731 07:36:26,a-p-s,2A 8B 1K 10G,none,5.85,8,MXB1,2.12,40.0627,-88.1975,,,,,,,
213,P13MXC3,20200731 07:33:59,a-p-s,2A 8B 1K 10G,none,3.18,8,MXC3,2.06,40.0674,-88.2026,,,,,,,
213,P13MXC2,20200731 07:31:44,a-p-s,2A 8B 1K 10G,none,4.22,8,MXC2,1.86,40.0672,-88.2028,,,,,,,
213,P13MXC1,20200731 07:27:35,a-p-s,2A 8B 1K 10G,none,4.15,8,MXC1,2.02,40.0671,-88.2029,,,,,,,
217,P14SRW3,20200804 09:59:02,a-p-s,2A 8B 1K 10G,none,5.16,8,SRW3,2.05,40.063,-88.2043,,,,,,,
217,P14SRW2,20200804 09:57:26,a-p-s,2A 8B 1K 10G,none,3.9,7,SRW2,2.02,40.0631,-88.2042,,,,,,,
217,P14SRW1,20200804 09:54:59,a-p-s,2A 8B 1K 10G,none,4.16,6,SRW1,1.73,40.0632,-88.2041,,,,,,,
217,P14SRE3,20200804 09:52:42,a-p-s,2A 8B 1K 10G,none,6.07,3,SRE3,2.64,40.0632,-88.2032,,,,,,,
217,P14SRE2,20200804 09:50:44,a-p-s,2A 8B 1K 10G,none,6.01,8,SRE2,2.64,40.0632,-88.2028,,,,,,,
217,P14SRE1,20200804 09:44:01,a-p-s,2A 8B 1K 10G,none,6.22,8,SRE1,2.78,40.0632,-88.2024,,,,,,,
217,P14ZMC3,20200804 09:41:36,a-p-s,2A 8B 1K 10G,none,5.4,8,ZMC3-CN,2.57,40.063,-88.201,,,,,,,
217,P14ZMC2,20200804 09:38:58,a-p-s,2A 8B 1K 10G,none,4.8,6,ZMC2-CN,2.05,40.063,-88.2013,,,,,,,
217,P14ZMC1,20200804 09:28:26,a-p-s,2A 8B 1K 10G,none,5.81,7,ZMC1-CN,2.39,40.0631,-88.2017,,,,,,,
217,P14ZMB3,20200804 09:25:35,a-p-s,2A 8B 1K 10G,none,4.9,7,ZMB3-CN,2.63,40.0633,-88.1963,,,,,,,
217,P14ZMB2,20200804 09:23:24,a-p-s,2A 8B 1K 10G,none,5.08,7,ZMB2-CN,2.52,40.0632,-88.1965,,,,,,,
217,P14ZMB1,20200804 09:20:23,a-p-s,2A 8B 1K 10G,none,5.38,7,ZMB1-CN,2.57,40.0631,-88.1969,,,,,,,
217,P14MXB3,20200804 09:17:16,a-p-s,2A 8B 1K 10G,none,6.3,8,MXB3,2.19,40.0629,-88.1977,,,,,,,
217,P14MXB2,20200804 09:14:38,a-p-s,2A 8B 1K 10G,none,6.97,8,MXB2,2.26,40.0628,-88.1976,,,,,,,
217,P14MXB1,20200804 08:58:38,a-p-s,2A 8B 1K 10G,none,5.98,8,MXB1,2.14,40.0627,-88.1975,,,,,,,
217,P14MXC3,20200804 08:55:57,a-p-s,2A 8B 1K 10G,none,6.57,8,MXC3,2.31,40.0663,-88.2004,,,,,,,
217,P14MXC2,20200804 08:53:16,a-p-s,2A 8B 1K 10G,none,5.81,8,MXC2,2.36,40.0664,-88.2006,,,,,,,
217,P14MXC1,20200804 08:49:12,a-p-s,2A 8B 1K 10G,none,4.84,8,MXC1,2.12,40.0664,-88.2007,,,,,,,
217,P14BV3,20200804 10:58:31,a-p-s,2A 8B 1K 10G,none,8.11,8,BV3-SOY,1.04,40.0066,-88.2883,,,,,,,
217,P14BV2,20200804 10:56:29,a-p-s,2A 8B 1K 10G,none,7.19,8,BV2-SOY,1,40.0067,-88.2887,,,,,,,
217,P14BV1,20200804 10:54:21,a-p-s,2A 8B 1K 10G,none,7.31,8,BV1-SOY,0.97,40.0068,-88.289,,,,,,,
220,P15SRW3,20200807 09:38:46,a-p-s,2A 8B 1K 10G,none,4.51,8,SRW3,2.07,40.0629,-88.2041,,,,,,,
220,P15SRW2,20200807 09:36:55,a-p-s,2A 8B 1K 10G,none,3.89,7,SRW2,1.7,40.0628,-88.204,,,,,,,
220,P15SRW1,20200807 09:34:53,a-p-s,2A 8B 1K 10G,none,5.74,8,SRW1,2.01,40.0627,-88.2038,,,,,,,
220,P15SRE3,20200807 09:32:41,a-p-s,2A 8B 1K 10G,none,6.8,8,SRE3,2.65,40.0627,-88.2033,,,,,,,
220,P15SRE2,20200807 09:30:45,a-p-s,2A 8B 1K 10G,none,4.77,8,SRE2,2.69,40.0626,-88.2029,,,,,,,
220,P15SRE1,20200807 09:24:53,a-p-s,2A 8B 1K 10G,none,6.3,4,SRE1,2.6,40.0626,-88.2025,,,,,,,
220,P15ZMC3,20200807 09:23:08,a-p-s,2A 8B 1K 10G,none,5.4,8,ZMC3-CN,2.16,40.0626,-88.2011,,,,,,,
220,P15ZMC2,20200807 09:21:07,a-p-s,2A 8B 1K 10G,none,7.28,8,ZMC2-CN,2.02,40.0626,-88.2014,,,,,,,
220,P15ZMC1,20200807 09:10:19,a-p-s,2A 8B 1K 10G,none,4.58,8,ZMC1-CN,2.04,40.0627,-88.2017,,,,,,,
220,P15ZMB3,20200807 09:07:57,a-p-s,2A 8B 1K 10G,none,5.38,7,ZMB3-CN,2.63,40.0625,-88.1964,,,,,,,
220,P15ZMB2,20200807 09:05:36,a-p-s,2A 8B 1K 10G,none,4.77,7,ZMB2-CN,2.48,40.0626,-88.1966,,,,,,,
220,P15ZMB1,20200807 09:01:45,a-p-s,2A 8B 1K 10G,none,6.01,8,ZMB1-CN,2.33,40.0626,-88.1969,,,,,,,
220,P15MXB3,20200807 08:59:06,a-p-s,2A 8B 1K 10G,none,6.88,8,MXB3,2.49,40.0624,-88.1977,,,,,,,
220,P15MXB2,20200807 08:56:45,a-p-s,2A 8B 1K 10G,none,7.73,8,MXB2,2.36,40.0625,-88.1976,,,,,,,
220,P15MXB1,20200807 08:54:06,a-p-s,2A 8B 1K 10G,none,7.37,8,MXB1,2.34,40.0625,-88.1975,,,,,,,
220,P15MXC3,20200807 08:42:16,a-p-s,2A 8B 1K 10G,none,5.7,8,MXC3,2.17,40.0666,-88.2026,,,,,,,
220,P15MXC2,20200807 08:39:43,a-p-s,2A 8B 1K 10G,none,5.67,8,MXC2,2.28,40.0667,-88.2028,,,,,,,
220,P15MXC1,20200807 08:35:34,a-p-s,2A 8B 1K 10G,none,4.28,8,MXC1,2.14,40.0668,-88.2028,,,,,,,
220,P15BV3,20200807 10:15:58,a-p-s,2A 8B 1K 10G,none,8.75,8,BV3-SOY,1.11,40.0052,-88.2905,,,,,,,
220,P15BV2,20200807 10:13:46,a-p-s,2A 8B 1K 10G,none,8.85,8,BV2-SOY,1.07,40.0053,-88.2909,,,,,,,
220,P15BV1,20200807 10:10:14,a-p-s,2A 8B 1K 10G,none,8.03,8,BV1-SOY,1.03,40.0053,-88.2915,,,,,,,
225,P16MXC3,20200812 09:59:12,a-p-s,8A 8B 1K 8G,none,7,8,MXC3,2.56,40.0668,-88.202,*used separate wand to collect A values for all P16,,,,,,
225,P16MXC2,20200812 09:57:19,a-p-s,8A 8B 1K 8G,none,5.17,8,MXC2,2.41,40.0669,-88.2021,,,,,,,
225,P16MXC1,20200812 09:54:34,a-p-s,8A 8B 1K 8G,none,4.95,8,MXC1,2.16,40.0669,-88.2023,,,,,,,
225,P16BV3,20200812 14:08:23,a-p-s,8A 8B 1K 8G,none,5.19,8,BV3-SOY,1.17,40.005,-88.2915,,,,,,,
225,P16BV2,20200812 14:06:38,a-p-s,8A 8B 1K 8G,none,4.69,8,BV2-SOY,1.09,40.005,-88.2918,,,,,,,
225,P16BV1,20200812 14:04:26,a-p-s,8A 8B 1K 8G,none,4.91,8,BV1-SOY,1.1,40.0051,-88.2919,,,,,,,
225,P16SRW3,20200812 10:54:56,a-p-s,8A 8B 1K 8G,none,3.72,8,SRW3,2.23,40.0622,-88.2042,,,,,,,
225,P16SRW2,20200812 10:53:29,a-p-s,8A 8B 1K 8G,none,3.94,8,SRW2,2.27,40.0622,-88.2039,,,,,,,
225,P16SRW1,20200812 10:51:30,a-p-s,8A 8B 1K 8G,none,3.24,8,SRW1,2.27,40.0623,-88.2038,,,,,,,
225,P16SRE3,20200812 10:49:17,a-p-s,8A 8B 1K 8G,none,4.43,8,SRE3,2.8,40.0623,-88.2033,,,,,,,
225,P16SRE2,20200812 10:47:08,a-p-s,8A 8B 1K 8G,none,4.25,8,SRE2,2.46,40.0623,-88.2028,,,,,,,
225,P16SRE1,20200812 10:42:50,a-p-s,8A 8B 1K 8G,none,4.02,8,SRE1,2.95,40.0624,-88.2023,,,,,,,
225,P16ZMC3,20200812 10:41:26,a-p-s,8A 8B 1K 8G,none,3.35,8,ZMC3-CN,2.51,0,0,,,,,,,
225,P16ZMC2,20200812 10:39:56,a-p-s,8A 8B 1K 8G,none,3.45,7,ZMC2-CN,2.15,0,0,,,,,,,
225,P16ZMC1,20200812 10:38:16,a-p-s,8A 8B 1K 8G,none,2.33,5,ZMC1-CN,2.13,0,0,,,,,,,
225,P16ZMB3,20200812 10:28:30,a-p-s,8A 8B 1K 8G,none,2.68,7,ZMB3-CN,2.03,40.063,-88.1965,,,,,,,
225,P16ZMB2,20200812 10:27:13,a-p-s,8A 8B 1K 8G,none,3.34,8,ZMB2-CN,2.38,40.063,-88.1968,,,,,,,
225,P16ZMB1,20200812 10:24:40,a-p-s,8A 8B 1K 8G,none,3.29,6,ZMB1-CN,2.65,40.063,-88.1971,,,,,,,
225,P16MXB3,20200812 10:22:24,a-p-s,8A 8B 1K 8G,none,6.3,8,MXB3,2.37,40.063,-88.1976,,,,,,,
225,P16MXB2,20200812 10:19:55,a-p-s,8A 8B 1K 8G,none,6.25,8,MXB2,2.66,30.0471,-66.1482,,,,,,,
225,P16MXB1,20200812 10:01:12,a-p-s,8A 8B 1K 8G,none,5.03,8,MXB1,2.27,40.0631,-88.1976,,,,,,,
231,P17ZMC3,20200818 11:08:44,a-p-s,8A 8B 1K 8G,none,3.58,8,ZMC3-CN,2.11,40.063,-88.2013,*used separate wand to collect A values for all P17,,,,,,
231,P17ZMC2,20200818 11:06:55,a-p-s,8A 8B 1K 8G,none,4.56,8,ZMC2-CN,2.06,40.0631,-88.2014,,,,,,,
231,P17ZMC1,20200818 10:54:23,a-p-s,8A 8B 1K 9G,none,3.15,7,ZMC1-CN,2.16,40.0631,-88.2017,,,,,,,
231,P17ZMB3,20200818 10:51:21,a-p-s,8A 8B 1K 8G,none,5.01,8,ZMB3-CN,2.73,40.0632,-88.1962,,,,,,,
231,P17ZMB2,20200818 10:49:40,a-p-s,8A 8B 1K 8G,none,3.5,8,ZMB2-CN,2.22,40.0633,-88.1964,,,,,,,
231,P17ZMB1,20200818 10:46:01,a-p-s,8A 8B 1K 8G,none,3.03,8,ZMB1-CN,2.46,40.0634,-88.1969,,,,,,,
231,P17MXB3,20200818 10:44:08,a-p-s,8A 8B 1K 8G,none,6.68,8,MXB3,2.81,40.0632,-88.1977,,,,,,,
231,P17MXB2,20200818 10:42:16,a-p-s,8A 8B 1K 8G,none,5.48,8,MXB2,2.66,40.0632,-88.1977,,,,,,,
231,P17MXB1,20200818 10:17:05,a-p-s,8A 8B 1K 8G,none,4.47,6,MXB1,2.12,40.0633,-88.1976,,,,,,,
231,P17MXC3,20200818 10:04:17,a-p-s,8A 8B 1K 8G,none,6.26,7,MXC3,2.21,40.0664,-88.2017,,,,,,,
231,P17MXC2,20200818 10:02:27,a-p-s,8A 8B 1K 8G,none,5.04,8,MXC2,2.29,40.0664,-88.2018,,,,,,,
231,P17MXC1,20200818 09:55:47,a-p-s,8A 8B 1K 8G,none,6.68,8,MXC1,2.53,40.0665,-88.2018,,,,,,,
231,P17BV3,20200818 12:39:48,a-p-s,8A 8B 1K 8G,none,4.11,8,BV3-SOY,0.91,40.0057,-88.2872,,,,,,,
231,P17BV2,20200818 12:38:06,a-p-s,8A 8B 1K 8G,none,4.13,8,BV2-SOY,1.06,40.0058,-88.2869,,,,,,,
231,P17BV1,20200818 12:33:51,a-p-s,8A 8B 1K 8G,none,4.22,8,BV1-SOY,1.02,40.0059,-88.2868,,,,,,,
231,P17SRW3,20200818 11:22:56,a-p-s,8A 8B 1K 8G,none,4.22,8,SRW3,2.4,40.0632,-88.2041,,,,,,,
231,P17SRW2,20200818 11:21:41,a-p-s,8A 8B 1K 8G,none,3.77,8,SRW2,2.27,40.0633,-88.2043,,,,,,,
231,P17SRW1,20200818 11:18:57,a-p-s,8A 8B 1K 8G,none,3.2,8,SRW1,2.12,40.0633,-88.2043,,,,,,,
231,P17SRE3,20200818 11:17:13,a-p-s,8A 8B 1K 8G,none,4.58,8,SRE3,3.09,40.0633,-88.203,,,,,,,
231,P17SRE2,20200818 11:15:32,a-p-s,8A 8B 1K 8G,none,5.14,8,SRE2,3.14,40.0633,-88.2028,,,,,,,
231,P17SRE1,20200818 11:10:58,a-p-s,8A 8B 1K 8G,none,4.67,8,SRE1,3.18,40.0632,-88.2023,,,,,,,
238,P18MXB3,20200825 13:17:36,a-p-s,8A 8B 1K 8G,none,4.84,8,MXB3,2.89,40.0625,-88.1975,*used separate wand to collect A values for all P18,,,,,,
238,P18MXB2,20200825 13:15:55,a-p-s,8A 8B 1K 8G,none,4.25,8,MXB2,2.73,40.0626,-88.1975,,,,,,,
238,P18MXB1,20200825 13:13:54,a-p-s,8A 8B 1K 8G,none,3.33,8,MXB1,1.96,40.0626,-88.1975,,,,,,,
238,P18MXC3,20200825 12:58:53,a-p-s,8A 8B 1K 8G,none,3.77,8,MXC3,2.57,40.0667,-88.2008,,,,,,,
238,P18MXC2,20200825 12:56:49,a-p-s,8A 8B 1K 8G,none,3.97,8,MXC2,2.57,40.0667,-88.2009,,,,,,,
238,P18MXC1,20200825 12:54:24,a-p-s,8A 8B 1K 8G,none,3.58,8,MXC1,2.51,40.0667,-88.201,,,,,,,
238,P18SRW3,20200825 13:55:15,a-p-s,8A 8B 1K 8G,none,4.98,8,SRW3,2.74,40.0625,-88.204,,,,,,,
238,P18SRW2,20200825 13:53:39,a-p-s,8A 8B 1K 8G,none,4.52,8,SRW2,2.71,40.0625,-88.2039,,,,,,,
238,P18SRW1,20200825 13:51:25,a-p-s,8A 8B 1K 8G,none,4.76,8,SRW1,2.53,40.0625,-88.2038,,,,,,,
238,P18SRE3,20200825 13:44:50,a-p-s,8A 8B 1K 8G,none,4.78,8,SRE3,3.2,40.0625,-88.2029,,,,,,,
238,P18SRE2,20200825 13:43:05,a-p-s,8A 8B 1K 8G,none,4.59,8,SRE2,3.27,40.0625,-88.2026,,,,,,,
238,P18SRE1,20200825 13:39:47,a-p-s,8A 8B 1K 8G,none,4.98,8,SRE1,3.26,40.0624,-88.2023,,,,,,,
238,P18ZMC3,20200825 13:38:19,a-p-s,8A 8B 1K 8G,none,1.68,8,ZMC3-CN,2.12,40.0624,-88.2015,,,,,,,
238,P18ZMC2,20200825 13:37:02,a-p-s,8A 8B 1K 8G,none,2.57,8,ZMC2-CN,2.12,40.0625,-88.2017,,,,,,,
238,P18ZMC1,20200825 13:25:55,a-p-s,8A 8B 1K 8G,none,3.08,8,ZMC1-CN,2.31,40.0625,-88.2018,,,,,,,
238,P18ZMB3,20200825 13:24:19,a-p-s,8A 8B 1K 8G,none,2.39,8,ZMB3-CN,2.13,40.0629,-88.1967,,,,,,,
238,P18ZMB2,20200825 13:22:51,a-p-s,8A 8B 1K 8G,none,2.66,8,ZMB2-CN,2.02,40.0629,-88.1966,,,,,,,
238,P18ZMB1,20200825 13:19:29,a-p-s,8A 8B 1K 8G,none,2.2,8,ZMB1-CN,2.48,40.0628,-88.1968,,,,,,,
240,P18BV3,20200827 13:17:13,a-p-s,8A 8B 1K 8G,none,7.18,8,BV3-SOY,1.02,40.0048,-88.2922,,,,,,,
240,P18BV2,20200827 13:15:12,a-p-s,8A 8B 1K 8G,none,7.06,8,BV2-SOY,1.11,40.005,-88.2921,,,,,,,
240,P18BV1,20200827 13:10:16,a-p-s,8A 8B 1K 8G,none,7.02,8,BV1-SOY,1.09,40.0049,-88.2925,,,,,,,
254,P19MXB3,20200910 12:28:00,a-p-s,8A 8B 1K 8G,none,4.49,8,MXB3,2.49,40.0624,-88.1976,*used separate wand to collect A values for all P19,,,,,,
254,P19MXB2,20200910 12:26:05,a-p-s,8A 8B 1K 8G,none,6.2,8,MXB2,2.87,40.0625,-88.1976,,,,,,,
254,P19MXB1,20200910 12:13:10,a-p-s,8A 8B 1K 8G,none,5.51,8,MXB1,2.64,40.0625,-88.1975,,,,,,,
254,P19MXC3,20200910 12:11:26,a-p-s,8A 8B 1K 8G,none,5.65,8,MXC3,2.83,40.0667,-88.203,,,,,,,
254,P19MXC2,20200910 12:09:20,a-p-s,8A 8B 1K 8G,none,5.22,8,MXC2,2.52,40.0668,-88.2031,,,,,,,
254,P19MXC1,20200910 12:05:52,a-p-s,8A 8B 1K 8G,none,4.72,8,MXC1,2.44,40.0669,-88.2032,,,,,,,
254,P19BV3,20200910 13:40:49,a-p-s,8A 8B 1K 8G,none,5.76,8,BV3-SOY,1.05,40.0061,-88.2919,,,,,,,
254,P19BV2,20200910 13:39:03,a-p-s,8A 8B 1K 8G,none,5.53,8,BV2-SOY,1.02,40.0059,-88.292,,,,,,,
254,P19BV1,20200910 13:33:42,a-p-s,8A 8B 1K 8G,none,4.64,8,BV1-SOY,0.98,40.0059,-88.2923,,,,,,,
254,P19SRW3,20200910 13:03:03,a-p-s,8A 8B 1K 8G,none,4.51,8,SRW3,3.54,40.0633,-88.2043,,,,,,,
254,P19SRW2,20200910 13:01:35,a-p-s,8A 8B 1K 8G,none,4.59,8,SRW2,3.25,40.0632,-88.2042,,,,,,,
254,P19SRW1,20200910 12:57:48,a-p-s,8A 8B 1K 8G,none,4.42,8,SRW1,3.04,40.0632,-88.2042,,,,,,,
254,P19SRE3,20200910 12:56:02,a-p-s,8A 8B 1K 8G,none,6.14,8,SRE3,3.5,40.0632,-88.2031,,,,,,,
254,P19SRE2,20200910 12:54:15,a-p-s,8A 8B 1K 8G,none,5.46,8,SRE2,3.44,40.0632,-88.2027,,,,,,,
254,P19SRE1,20200910 12:50:15,a-p-s,8A 8B 1K 8G,none,5.85,8,SRE1,3.56,40.0632,-88.2024,,,,,,,
254,P19ZMC3,20200910 12:48:57,a-p-s,8A 8B 1K 8G,none,2.68,8,ZMC3-CN,2.1,40.0631,-88.2015,,,,,,,
254,P19ZMC2,20200910 12:47:02,a-p-s,8A 8B 1K 8G,none,3.27,8,ZMC2-CN,2.19,40.0631,-88.2016,,,,,,,
254,P19ZMC1,20200910 12:36:01,a-p-s,8A 8B 1K 8G,none,2.26,8,ZMC1-CN,2.13,40.0632,-88.2018,,,,,,,
254,P19ZMB3,20200910 12:34:20,a-p-s,8A 8B 1K 8G,none,2.7,8,ZMB3-CN,2.36,40.0625,-88.1966,,,,,,,
254,P19ZMB2,20200910 12:32:57,a-p-s,8A 8B 1K 8G,none,3.36,8,ZMB2-CN,2.31,40.0625,-88.1968,,,,,,,
254,P19ZMB1,20200910 12:29:50,a-p-s,8A 8B 1K 8G,none,2.16,8,ZMB1-CN,2.44,40.0625,-88.197,,,,,,,
268,P20MXB3,20200924 14:10:45,a-p-s,8A 8B 1K 8G,none,5.92,8,MXB3,2.69,40.0624,-88.1975,*used separate wand to collect A values for all P20,,,,,,
268,P20MXB2,20200924 14:09:00,a-p-s,8A 8B 1K 8G,none,4.5,8,MXB2,2.63,40.0624,-88.1975,,,,,,,
268,P20MXB1,20200924 13:50:25,a-p-s,8A 8B 1K 8G,none,3.38,8,MXB1,2.36,40.0624,-88.1974,,,,,,,
268,P20MXC3,20200924 13:48:46,a-p-s,8A 8B 1K 8G,none,3.66,8,MXC3,2.22,40.0668,-88.2026,,,,,,,
268,P20MXC2,20200924 13:46:38,a-p-s,8A 8B 1K 8G,none,3.46,8,MXC2,2.4,40.0668,-88.2027,,,,,,,
268,P20MXC1,20200924 13:43:17,a-p-s,8A 8B 1K 8G,none,4.02,8,MXC1,2.64,40.067,-88.2027,,,,,,,
268,P20SRW3,20200924 14:48:25,a-p-s,8A 8B 1K 8G,none,3.72,8,SRW3,3.41,40.0633,-88.2043,,,,,,,
268,P20SRW2,20200924 14:46:40,a-p-s,8A 8B 1K 8G,none,3.96,8,SRW2,3.54,40.0633,-88.2042,,,,,,,
268,P20SRW1,20200924 14:43:04,a-p-s,8A 8B 1K 8G,none,5.2,8,SRW1,3.78,40.0633,-88.2041,,,,,,,
268,P20SRE3,20200924 14:40:26,a-p-s,8A 8B 1K 8G,none,5.51,8,SRE3,3.91,40.0633,-88.203,,,,,,,
268,P20SRE2,20200924 14:38:41,a-p-s,8A 8B 1K 8G,none,6.06,8,SRE2,3.83,40.0633,-88.2026,,,,,,,
268,P20SRE1,20200924 14:32:47,a-p-s,8A 8B 1K 8G,none,5.38,8,SRE1,3.76,40.0633,-88.2022,,,,,,,
268,P20ZMC3,20200924 14:30:56,a-p-s,8A 8B 1K 8G,none,1.8,8,ZMC3-CN,2.1,40.0631,-88.2018,,,,,,,
268,P20ZMC2,20200924 14:29:28,a-p-s,8A 8B 1K 8G,none,1.82,8,ZMC2-CN,2.03,40.0632,-88.2017,,,,,,,
268,P20ZMC1,20200924 14:17:59,a-p-s,8A 8B 1K 8G,none,2.44,8,ZMC1-CN,2.29,40.0632,-88.2018,,,,,,,
268,P20ZMB3,20200924 14:16:47,a-p-s,8A 8B 1K 8G,none,1.22,8,ZMB3-CN,2.31,40.0624,-88.1967,,,,,,,
268,P20ZMB2,20200924 14:15:11,a-p-s,8A 8B 1K 8G,none,1.57,8,ZMB2-CN,2.46,40.0624,-88.1968,,,,,,,
268,P20ZMB1,20200924 14:12:42,a-p-s,8A 8B 1K 8G,none,1.91,8,ZMB1-CN,2.49,40.0624,-88.197,,,,,,,
269,P20BV3,20200925 12:22:16,a-p-s,8A 8B 1K 8G,none,0.91,7,BV3-SOY,1,40.0068,-88.2891,,,,,,,
269,P20BV2,20200925 12:20:50,a-p-s,8A 8B 1K 8G,none,0.76,6,BV2-SOY,0.87,40.0068,-88.2897,,,,,,,
269,P20BV1,20200925 12:16:26,a-p-s,8A 8B 1K 8G,none,1.33,8,BV1-SOY,1.01,40.0069,-88.2896,,,,,,,
273,P21MXC3,20200929 11:47:27,a-p-s,8A 8B 1K 8G,none,5.71,8,MXC3,2.79,40.0666,-88.2004,*used separate wand to collect A values for all P21,,,,,,
273,P21MXC2,20200929 11:45:27,a-p-s,8A 8B 1K 8G,none,5.18,8,MXC2,2.83,40.0667,-88.2005,,,,,,,
273,P21MXC1,20200929 11:38:51,a-p-s,8A 8B 1K 8G,none,4.65,8,MXC1,2.64,40.0666,-88.2006,,,,,,,
273,P21BV3,20200929 13:17:50,a-p-s,8A 8B 1K 8G,none,1.49,6,BV3-SOY,0.99,0,0,,,,,,,
273,P21BV2,20200929 13:13:20,a-p-s,8A 8B 1K 8G,none,1,7,BV2-SOY,0.94,40.0062,-88.2876,,,,,,,
273,P21BV1,20200929 13:07:34,a-p-s,8A 8B 1K 8G,none,1.21,6,BV-SOY,0.97,40.006,-88.288,,,,,,,
273,P21SRW3,20200929 12:39:16,a-p-s,8A 8B 1K 8G,none,4.98,8,SRW3,3.33,40.0623,-88.2043,,,,,,,
273,P21SRW2,20200929 12:37:39,a-p-s,8A 8B 1K 8G,none,5.4,8,SRW2,3.38,40.0623,-88.2042,,,,,,,
273,P21SRW1,20200929 12:34:17,a-p-s,8A 8B 1K 8G,none,5.33,8,SRW1,3.59,40.0623,-88.2039,,,,,,,
273,P21SRE3,20200929 12:32:12,a-p-s,8A 8B 1K 8G,none,5.67,8,SRE3,3.47,40.0623,-88.2031,,,,,,,
273,P21SRE2,20200929 12:30:25,a-p-s,8A 8B 1K 8G,none,5.19,8,SRE2,3.42,40.0623,-88.2027,,,,,,,
273,P21SRE1,20200929 12:27:01,a-p-s,8A 8B 1K 8G,none,5.73,8,SRE1,3.63,40.0623,-88.2024,,,,,,,
273,P21ZMC3,20200929 12:25:40,a-p-s,8A 8B 1K 8G,none,1.39,8,ZMC3-CN,2.09,40.0623,-88.2016,,,,,,,
273,P21ZMC2,20200929 12:23:51,a-p-s,8A 8B 1K 8G,none,2.42,8,ZMC2-CN,2.15,40.0623,-88.2015,,,,,,,
273,P21ZMC1,20200929 12:13:08,a-p-s,8A 8B 1K 8G,none,1.54,8,ZMC1-CN,2.23,40.0623,-88.2018,,,,,,,
273,P21ZMB3,20200929 12:11:13,a-p-s,8A 8B 1K 8G,none,1.92,8,ZMB3-CN,2.45,40.0632,-88.1964,,,,,,,
273,P21ZMB2,20200929 12:09:28,a-p-s,8A 8B 1K 8G,none,2.09,8,ZMB2-CN,2.42,40.0633,-88.1964,,,,,,,
273,P21ZMB1,20200929 12:06:33,a-p-s,8A 8B 1K 8G,none,1.87,8,ZMB1-CN,2.08,40.0633,-88.1969,,,,,,,
273,P21MXB3,20200929 12:04:25,a-p-s,8A 8B 1K 8G,none,4.64,8,MXB3,2.51,40.0633,-88.1975,,,,,,,
273,P21MXB2,20200929 12:02:19,a-p-s,8A 8B 1K 8G,none,5.77,8,MXB2,2.65,40.0633,-88.1975,,,,,,,
273,P21MXB1,20200929 11:49:35,a-p-s,8A 8B 1K 8G,none,6.05,8,MXB1,2.69,40.0632,-88.1975,,,,,,,