CAT,ID,Source,Previous Source (s),Other names/info,Amount,Box #,Box Cat.,,,,
NSL,50579,16PV0213,,,5,1,2010-2016 PB,,,,
NSL,51902,15PV0584,,,5,1,2010-2016 PB,,,,
NSL,51959,16PV0225,,,5,1,2010-2016 PB,,,,
NSL,54165,18PV0616,,,5,1,2018 CABBI,,,,
NSL,54221,18PV0629,,,5,1,2018 CABBI,,,,
NSL,54779,18PV0563,,,5,1,2018 CABBI,,,,
NSL,54892,18PV0561,,,5,1,2018 CABBI,,,,
NSL,55032,12PV2322,,,5,1,2010-2016 PB,,,,
NSL,55749,18PV0443,,,5,1,2018 CABBI,,,,
NSL,80235,18PV0441,,,5,1,2018 CABBI,,,,
PI,147938,10P1243,,PRE0021,5,2,2010-2016 PB,,,,
PI,152594,10P1180,,,5,2,2010-2016 PB,,,,
PI,152730,18PV0851,,,5,2,2018 CABBI,,,,
PI,152733,18PV0394,,,5,2,2018 CABBI,,,,
PI,154987,15PV0848,,SB3775,5,2,2010-2016 PB,,,,
PI,154987,18PV0405,,,5,2,2018 CABBI,,,,
PI,155885,15PV0852,,SB3779,5,2,2010-2016 PB,,,,
PI,155885,18PV0408,,,5,2,2018 CABBI,,,,
PI,156268,15PV0857,,SB3784,5,2,2010-2016 PB,,,,
PI,185458,10P1176,,,5,2,2010-2016 PB,,,,
PI,196049,15PV0870,,SB3797,5,2,2010-2016 PB,,,,
PI,196049,18PV0419,,,5,2,2018 CABBI,,,,
PI,248317,10P1207,,,5,3,2010-2016 PB,,,,
PI,266927,18PV0827,,,5,2,2018 CABBI,,,,
PI,273465,12PV2541,,,5,3,2010-2016 PB,,,,
PI,276792,12PV2233,,,5,3,2010-2016 PB,,,,
PI,276800,10P1165,,,5,3,2010-2016 PB,,,,
PI,276828,18PV0856,,,5,3,2018 CABBI,,,,
PI,276856,15PV0537,14PV0397,Eth_Sel_No4,5,3,2010-2016 PB,,,,
PI,297128,18PV0791,,,5,3,2018 CABBI,,,,
PI,297171,10P1255,,,5,3,2010-2016 PB,,,,
PI,329256,15PV08887,,SB3814,5,4,2010-2016 PB,,,,
PI,329301,18PV0453,,,5,3,2018 CABBI,,,,
PI,329310,18PV0454,,,5,3,2018 CABBI,,,,
PI,329311,10P1264,,,5,4,2010-2016 PB,,,,
PI,329311,18PV0455,,,5,3,2018 CABBI,,,,
PI,329321,18PV0457,,,5,3,2018 CABBI,,,,
PI,329327,16PV0229,14PV0300,IS_11084,5,4,2010-2016 PB,,,,
PI,329333,15PV0896,,SB3823,5,4,2010-2016 PB,,,,
PI,329386,18PV0469,,,5,3,2018 CABBI,,,,
PI,329392,18PV0471,,,5,3,2018 CABBI,,,,
PI,329403,15PV0907,,SB3834,5,4,2010-2016 PB,,,,
PI,329403,18PV0472,,,5,3,2018 CABBI,,,,
PI,329471,15PV0911,,SB3838,5,4,2010-2016 PB,,,,
PI,329480,18PV0478,,,5,3,2018 CABBI,,,,
PI,329493,15PV0914,,SB3841,5,4,2010-2016 PB,,,,
PI,329506,15PV0916,,SB3843,5,4,2010-2016 PB,,,,
PI,329511,15PV0918,,SB3845,5,4,2010-2016 PB,,,,
PI,329528,18PV0491,,,5,3,2018 CABBI,,,,
PI,329541,15PV0922,,SB3849,5,4,2010-2016 PB,,,,
PI,329551,15PV0926,,SB3853,5,4,2010-2016 PB,,,,
PI,329597,18PV0839,,,5,3,2018 CABBI,,,,
PI,329605,18PV0501,,,5,3,2018 CABBI,,,,
PI,329617,15PV0933,,SB3860,5,5,2010-2016 PB,,,,
PI,329618,15PV0934,,SB3861,5,5,2010-2016 PB,,,,
PI,329624,18PV0506,,,5,4,2018 CABBI,,,,
PI,329637,15PV0936,,SB3863,5,5,2010-2016 PB,,,,
PI,329637,18PV0508,,,5,4,2018 CABBI,,,,
PI,329712,15PV0945,,SB3872,5,5,2010-2016 PB,,,,
PI,329719,18PV0518,,,5,4,2018 CABBI,,,,
PI,329813,15PV0534,14PV0379,IS_11548,5,5,2010-2016 PB,,,,
PI,329860,15PV0506,14PV0073,IS_11590,5,5,2010-2016 PB,,,,
PI,330043,15PV0956,,SB3883,5,6,2010-2016 PB,,,,
PI,330122,15PV0960,,,5,6,2010-2016 PB,,,,
PI,330167,15PV0961,,SB3888,5,6,2010-2016 PB,,,,
PI,330169,15PV0963,,SB3890,5,6,2010-2016 PB,,,,
PI,330172,15PV0964_1,,SB3891,5,6,2010-2016 PB,,,,
PI,330181,15PV0965,,SB3892,5,6,2010-2016 PB,,,,
PI,330184,15PV0967,,SB3894,5,6,2010-2016 PB,,,,
PI,330185,15PV0968,,SB3895,5,6,2010-2016 PB,,,,
PI,330195,15PV0969_1,,SB3896,5,6,2010-2016 PB,,,,
PI,330196,15PV0970,,SB3897,5,6,2010-2016 PB,,,,
PI,330207,15PV0971,,SB3898,5,6,2010-2016 PB,,,,
PI,330210,15PV0972_1,,SB3899,5,6,2010-2016 PB,,,,
PI,330214,15PV0973_1,,SB3900,5,6,2010-2016 PB,,,,
PI,330227,15PV0974,,SB3901,5,6,2010-2016 PB,,,,
PI,330796,15PV0976_1,,SB3903,5,6,2010-2016 PB,,,,
PI,330803,15PV0977,,SB3904,5,6,2010-2016 PB,,,,
PI,330877,10P1148,,,5,6,2010-2016 PB,,,,
PI,330886,10P1182,,,5,6,2010-2016 PB,,,,
PI,383856,18PV0560,,,5,4,2018 CABBI,,,,
PI,452534,18PV0338,,,5,4,2018 CABBI,,,,
PI,452578,15PV0619,,SB2854,5,7,2010-2016 PB,,,,
PI,452584,15PV0620,,SB2859,5,7,2010-2016 PB,,,,
PI,452590,15PV0623,,SB2865,5,7,2010-2016 PB,,,,
PI,452611,16PV0342,15PV0627,,5,7,2010-2016 PB,,,,
PI,452639,15PV0636,,SB2913,5,7,2010-2016 PB,,,,
PI,452640,15PV0637,,SB2914,5,7,2010-2016 PB,,,,
PI,452648,15PV0640,,SB2922,5,7,2010-2016 PB,,,,
PI,452658,15PV0643,,SB2932,5,7,2010-2016 PB,,,,
PI,452659,15PV0644,,SB2933,5,7,2010-2016 PB,,,,
PI,452662,15PV0645,,SB2936,5,7,2010-2016 PB,,,,
PI,452668,15PV0649,,SB2942,5,7,2010-2016 PB,,,,
PI,452693,18PV0333,,,5,4,2018 CABBI,,,,
PI,452697,15PV0655,,SB2971,5,7,2010-2016 PB,,,,
PI,452713,16PV0343,15PV0658,,5,7,2010-2016 PB,,,,
PI,452736,15PV0665_1,,SB3008,5,7,2010-2016 PB,,,,
PI,452756,16PV0344,15PV0670,,5,7,2010-2016 PB,,,,
PI,452770,15PV0672,,SB3042,5,7,2010-2016 PB,,,,
PI,452845,15PV0658_1,,SB3117,5,7,2010-2016 PB,,,,
PI,452845,15PV0685_2,,,5,7,2010-2016 PB,,,,
PI,452874,15PV0689,,SB3146,5,7,2010-2016 PB,,,,
PI,452927,18PV0310,,,5,5,2018 CABBI,,,,
PI,452931,15PV0701,,SB3201,5,7,2010-2016 PB,,,,
PI,452940,15PV0703,,SB3210,5,7,2010-2016 PB,,,,
PI,452942,15PV0704,,SB3212,5,7,2010-2016 PB,,,,
PI,452943,15PV0705,,SB3213,5,7,2010-2016 PB,,,,
PI,452958,15PV0708,,SB3228,5,7,2010-2016 PB,,,,
PI,452967,15PV0709,,SB3237,5,7,2010-2016 PB,,,,
PI,452991,15PV0718,,SB3261,5,7,2010-2016 PB,,,,
PI,453021,18PV0264,,,5,5,2018 CABBI,,,,
PI,453115,18PV0231,,,5,5,2018 CABBI,,,,
PI,453162,15PV0764,,SB3429,5,8,2010-2016 PB,,,,
PI,453217,16PV0362,15PV0775B01,,5,8,2010-2016 PB,,,,
PI,453245,15PV0790,,SB3512,5,8,2010-2016 PB,,,,
PI,453246,15PV0791,,SB3513,5,8,2010-2016 PB,,,,
PI,453257,15PV0192,,Grassl,5,8,2010-2016 PB,,,,
PI,453281,16PV0364,15PV0802,,5,8,2010-2016 PB,,,,
PI,453288,15PV0803,,SB3555,5,8,2010-2016 PB,,,,
PI,453290,15PV0804,,SB3557,5,8,2010-2016 PB,,,,
PI,453315,16PV0365,15PV0807B01,,5,8,2010-2016 PB,,,,
PI,453326,16PV0366,15PV0809,,5,8,2010-2016 PB,,,,
PI,453329,15PV0811,,SB3596,5,8,2010-2016 PB,,,,
PI,453330,15PV0812,,SB3597,5,8,2010-2016 PB,,,,
PI,453335,15PV0814,,SB3602,5,8,2010-2016 PB,,,,
PI,453335,18PV0245,,,5,5,2018 CABBI,,,,
PI,453346,16PV0367,15PV818,,5,8,2010-2016 PB,,,,
PI,453354,15PV0822,,SB3621,5,8,2010-2016 PB,,,,
PI,453363,15PV0823,,SB3630,5,8,2010-2016 PB,,,,
PI,453367,15PV0825,,SB3634,5,8,2010-2016 PB,,,,
PI,453370,16PV0368,15PV0826,,5,8,2010-2016 PB,,,,
PI,453393,15PV0829,,SB3660,5,8,2010-2016 PB,,,,
PI,453395,15PV0830,,SB3662,5,8,2010-2016 PB,,,,
PI,453453,14PV0550,,ETS_2472,5,8,2010-2016 PB,,,,
PI,453453,18PV0192,,,5,5,2018 CABBI,,,,
PI,453463,15PV0835,,SB3729,5,8,2010-2016 PB,,,,
PI,453641,15PV0983_1,,SB3910,5,9,2010-2016 PB,,,,
PI,453696,15PV0984_1,,SB3911,5,9,2010-2016 PB,,,,
PI,453766,14PV0330,,ETS_2647,5,9,2010-2016 PB,,,,
PI,454131,15PV0991,,SB3918,5,9,2010-2016 PB,,,,
PI,454131,18PV0210,,,5,5,2018 CABBI,,,,
PI,454468,15PV0997,,SB3924,5,9,2010-2016 PB,,,,
PI,454584,15PV1000,,SB3927,5,9,2010-2016 PB,,,,
PI,454848,15PV0525,14PV0296,ETS_3262,5,9,2010-2016 PB,,,,
PI,454927,15PV1013,,SB3940,5,9,2010-2016 PB,,,,
PI,455257,15PV1017,,SB3944,5,9,2010-2016 PB,,,,
PI,455403,15PV0574,14PV0719,ETS_3553_A,5,9,2010-2016 PB,,,,
PI,455852,15PV0543,14PV0466,ETS_3823,5,9,2010-2016 PB,,,,
PI,456392,16PV0227,14PV0295,ETS_4099,5,9,2010-2016 PB,,,,
PI,456423,15PV0554,14PV0589,ETS_4121,5,9,2010-2016 PB,,,,
PI,456431,18PV0843,,,5,6,2018 CABBI,,,,
PI,457597,16PV0211,14PV0072,ETS_4753,5,9,2010-2016 PB,,,,
PI,481843,15PV1041,,SB3968,5,9,2010-2016 PB,,,,
PI,481848,15PV0555_1,14PV0598,Preta,5,9,2010-2016 PB,,,,
PI,505705,18PV0025,,,5,6,2018 CABBI,,,,
PI,505737,10P1196,,,5,10,2010-2016 PB,,,,
PI,505739,12PV1043,,,5,10,2010-2016 PB,,,,
PI,505741,15PV0514,14PV0160,ZMA_5379,5,10,2010-2016 PB,,,,
PI,506058,10P1276,,,5,10,2010-2016 PB,,,,
PI,506073,16PV0268,14PV0526,Adjito,5,10,2010-2016 PB,,,,
PI,506073,18PV0013,,,5,6,2018 CABBI,,,,
PI,506122,16PV0270,14PV0534,Epo,5,10,2010-2016 PB,,,,
PI,510757,18PV0016,,,5,6,2018 CABBI,,,,
PI,513913,15PV0595,,"Sg_3982, SB2685",5,10,2010-2016 PB,,,,
PI,514165,16PV0385,15PV1055,Soo_Nya,5,10,2010-2016 PB,,,,
PI,514196,15PV1056,,SB3983,5,10,2010-2016 PB,,,,
PI,514220,15PV1057,,SB3984,5,10,2010-2016 PB,,,,
PI,514253,15PV1058,,SB3985,5,10,2010-2016 PB,,,,
PI,514425,14PV0341,,Sambadyabo,5,10,2010-2016 PB,,,,
PI,514431,15PV1062,,SB3989,5,10,2010-2016 PB,,,,
PI,514447,15PV1063,,SB3990,5,10,2010-2016 PB,,,,
PI,514447,16PV0389,15PV01063,Nieniko,5,10,2010-2016 PB,,,,
PI,514475,15PV1066,,SB3993,5,10,2010-2016 PB,,,,
PI,514497,15PV1067,,SB3994,5,10,2010-2016 PB,,,,
PI,514549,15PV0565,14PV0652,Bassi,5,10,2010-2016 PB,,,,
PI,514549,18PV0032,,,5,6,2018 CABBI,,,,
PI,520872,15PV1069,,SB3996,5,10,2010-2016 PB,,,,
PI,520940,14PV0454,,Rachar,5,10,2010-2016 PB,,,,
PI,520955,15PV1070,,SB3997,5,10,2010-2016 PB,,,,
PI,520982,15PV1071,,SB3998,5,10,2010-2016 PB,,,,
PI,520990,15PV1072,,SB3999,5,10,2010-2016 PB,,,,
PI,520997,15PV1073,,SB4000,5,10,2010-2016 PB,,,,
PI,521018,14PV0182,,Andiwo1,5,10,2010-2016 PB,,,,
PI,521019,15PV1075,,SB4002,5,10,2010-2016 PB,,,,
PI,521025,14PV0733,,Andiwo2,5,10,2010-2016 PB,,,,
PI,521032,15PV1076,,SB4003,5,10,2010-2016 PB,,,,
PI,521041,15PV1077,,SB4004,5,10,2010-2016 PB,,,,
PI,521043,14PV0620,,Andiwo3,5,10,2010-2016 PB,,,,
PI,521057,15PV1079,,SB4006,5,11,2010-2016 PB,,,,
PI,521064,15PV1080,,SB4007,5,11,2010-2016 PB,,,,
PI,521069,15PV1081,,SB4008,5,11,2010-2016 PB,,,,
PI,521078,15PV1082,,SB4009,5,11,2010-2016 PB,,,,
PI,521078,18PV0069,,,5,7,2018 CABBI,,,,
PI,521086,15PV1083,,SB4010,5,11,2010-2016 PB,,,,
PI,521094,15PV1084,,SB4011,5,11,2010-2016 PB,,,,
PI,521097,14PV0003,,Kumba,5,11,2010-2016 PB,,,,
PI,521097,15PV1085,,SB4012,5,11,2010-2016 PB,,,,
PI,521097,18PV0073,,,5,7,2018 CABBI,,,,
PI,521150,15PV1086,,SB4013,5,11,2010-2016 PB,,,,
PI,521152,15PV1087,,SB4014,5,11,2010-2016 PB,,,,
PI,521153,14PV0632,,Nyar_Ramula,5,11,2010-2016 PB,,,,
PI,521155,15PV1088,,SB4015,5,11,2010-2016 PB,,,,
PI,521175,15PV1089,,SB4016,5,11,2010-2016 PB,,,,
PI,521181,15PV1090,,SB4017,5,11,2010-2016 PB,,,,
PI,521198,15PV1092,,SB4019,5,11,2010-2016 PB,,,,
PI,521290,15PV1100,,SB4027,5,11,2010-2016 PB,,,,
PI,524475,15PV1106,,SB4033,5,11,2010-2016 PB,,,,
PI,524689,15PV1109,,SB4036,5,11,2010-2016 PB,,,,
PI,524814,15PV1110,,SB4037,5,11,2010-2016 PB,,,,
PI,524916,15PV1115,,SB4042,5,11,2010-2016 PB,,,,
PI,525671,16PV0390,"15PV1063, 15PV1119",Nieniko,5,11,2010-2016 PB,,,,
PI,525677,16PV0298,14PV0729,Sonikoura,5,11,2010-2016 PB,,,,
PI,525742,18PV0114,,,5,7,2018 CABBI,,,,
PI,525769,15PV1121,,SB4048,5,11,2010-2016 PB,,,,
PI,525815,14PV0001,,Dorokon2,5,11,2010-2016 PB,,,,
PI,525822,15PV0570,14PV0695,Bimbiri_Ba,5,11,2010-2016 PB,,,,
PI,525835,16PV0263,15GH,Nieniefi1,5,11,2010-2016 PB,,,,
PI,525835,16PV0282,15GH,Nieniefi1,5,11,2010-2016 PB,,,,
PI,525949,15PV1128,,SB4055,5,12,2010-2016 PB,,,,
PI,526034,15PV0576,14PV0740,Nemaka,5,12,2010-2016 PB,,,,
PI,526053,15PV0519,14PV0250,Doumounou,5,12,2010-2016 PB,,,,
PI,526124,16PV0337,15PV0578,Heme_Pilou,5,12,2010-2016 PB,,,,
PI,562715,12PV2482,,,5,12,2010-2016 PB,,,,
PI,562971,15PV1141,,SB4068,5,12,2010-2016 PB,,,,
PI,562981,15PV1143,,SB4070,5,12,2010-2016 PB,,,,
PI,562991,15PV1147,,SB4074,5,12,2010-2016 PB,,,,
PI,562997,15PV1149,,SB4076,5,12,2010-2016 PB,,,,
PI,562998,14PV1150,,SB4077,5,12,2010-2016 PB,,,,
PI,563009,15PV1152,,SB4079,5,12,2010-2016 PB,,,,
PI,563009,18PV0650,,,5,8,2018 CABBI,,,,
PI,563039,16PV0261,14PV0499,IS_8029,5,12,2010-2016 PB,,,,
PI,563186,15PV1156,,SB4083,5,12,2010-2016 PB,,,,
PI,563216,15PV1159,,SB4086,5,12,2010-2016 PB,,,,
PI,563330,15PV1161,,SB4088,5,12,2010-2016 PB,,,,
PI,563351,15PV1167,,SB4094,5,12,2010-2016 PB,,,,
PI,569264,15PV1174,,SB4101,5,12,2010-2016 PB,,,,
PI,569419,15PV1176,,SB4103,5,12,2010-2016 PB,,,,
PI,569420,15PV1177,,SB4104,5,12,2010-2016 PB,,,,
PI,569421,15PV1178,,SB4105,5,12,2010-2016 PB,,,,
PI,569445,15PV1185,,SB4112,5,12,2010-2016 PB,,,,
PI,569452,15PV1188,,SB4115,5,12,2010-2016 PB,,,,
PI,569457,15PV1192,,SB4119,5,12,2010-2016 PB,,,,
PI,569460,15PV1195,,SB4122,5,12,2010-2016 PB,,,,
PI,569462,15PV1196,,SB4123,5,12,2010-2016 PB,,,,
PI,570074,15PV1205,,SB4132,5,13,2010-2016 PB,,,,
PI,570075,15PV1206,,SB4133,5,13,2010-2016 PB,,,,
PI,570090,15PV1210,,SB1210,5,13,2010-2016 PB,,,,
PI,570106,15PV1213,,SB4140,5,13,2010-2016 PB,,,,
PI,570109,15PV1214,,SB4141,5,13,2010-2016 PB,,,,
PI,570388,15PV1221,,SB4148,5,13,2010-2016 PB,,,,
PI,570393,16PV0399,,,5,13,2010-2016 PB,,,,
PI,570400,15PV1223,,SB4150,5,13,2010-2016 PB,,,,
PI,571001,16PV0286,"14PV0634, 10PV1038",PRE0425,5,13,2010-2016 PB,,,,
PI,573193,15PV1224,,SB4151,5,13,2010-2016 PB,,,,
PI,573193,18PV0170,,,5,8,2018 CABBI,,,,
PI,585406,15PV0511,14PV0151,IS_24800,5,13,2010-2016 PB,,,,
PI,585454,15PV1229,,SB4156,5,13,2010-2016 PB,,,,
PI,585608,15PV1237,,SB4164,5,13,2010-2016 PB,,,,
PI,585608,18PV0178,,,5,8,2018 CABBI,,,,
PI,585966,15PV1242,,SB4169,5,13,2010-2016 PB,,,,
PI,646242,15PV1248,,SB4175,5,14,2010-2016 PB,,,,
PI,647743,10P1124,,,5,14,2010-2016 PB,,,,
PI,651124,12PV2173,,PRE0544,5,14,2010-2016 PB,,,,
PI,651168,15PV0575,14PV0720,PRE0272,5,14,2010-2016 PB,,,,
PI,660555,15PV0556,14PV0600,PRE0603,5,14,2010-2016 PB,,,,
PI,660571,15PV0559,14PV0619,PRE0317,5,14,2010-2016 PB,,,,
PI,660582,10P1277,PRE0329,,5,14,2010-2016 PB,,,,
PI,660582,18PV0734,,,5,9,2018 CABBI,,,,
PI,660587,16PV0251,14PV0438,PRE0563,5,14,2010-2016 PB,,,,
PI,660587,18PV0737,,,5,9,2018 CABBI,,,,
PI,660592,10P1106,,,5,14,2010-2016 PB,,,,
PI,660593,16PV0219,14PV0184,PRE1108,5,14,2010-2016 PB,,,,
PI,660596,14PV0507,14PV0079,PRE0396,5,14,2010-2016 PB,,,,
PI,660600,16PV0245,"14PV0400, 10PV1157",PRE0372,5,14,2010-2016 PB,,,,
PI,660603,14PV0077,,PRE0413,5,14,2010-2016 PB,,,,
PI,660603,18PV0749,,,5,9,2018 CABBI,,,,
PI,660605,18PV0750,,,5,9,2018 CABBI,,,,
PI,660606,10P1215,,,5,14,2010-2016 PB,,,,
PI,660606,18PV0751,,,5,9,2018 CABBI,,,,
PI,660611,10P1232,,PRE0467,5,14,2010-2016 PB,,,,
PI,660613,16PV0329,15PV0165,PRE0587,5,14,2010-2016 PB,,,,
PI,660616,10P1146,,,5,14,2010-2016 PB,,,,
PI,660636,16PV0195,,"PRE1215, SB0588",5,14,2010-2016 PB,,,,
PI,660640,16PV0266,14PV0520,PRE1321,5,14,2010-2016 PB,,,,
PI,660645,10P1154,,,5,14,2010-2016 PB,,,,
PI,665079,16PV0228,14PV0298,PRE0534,5,15,2010-2016 PB,,,,
PI,665083,18PV0687,,,5,10,2018 CABBI,,,,
PI,665084,12PV2366,,PRE1123,5,15,2010-2016 PB,,,,
PI,665085,12PV2219,,PRE0403,5,15,2010-2016 PB,,,,
PI,665088,16PV0221,14PV0226,PRE1125,5,15,2010-2016 PB,,,,
PI,665090,16PV0212,14PV0138,PRE0733,5,15,2010-2016 PB,,,,
PI,665097,14PV0375,,PRE0559,5,15,2010-2016 PB,,,,
PI,665105,16PV0220,"14PV0200, 12PV2397",PRE0351,5,15,2010-2016 PB,,,,
PI,665110,16PV0236,"14PV0332, 12PV2256",PRE0367,5,15,2010-2016 PB,,,,
PI,665115,16PV0216,14PV0174,PRE0435,5,15,2010-2016 PB,,,,
PI,665116,14PV0576,,PRE0459,5,15,2010-2016 PB,,,,
PI,665118,12PV2532,,,5,15,2010-2016 PB,,,,
PI,665121,12PV2466,,,5,15,2010-2016 PB,,,,
PI,665121,18PV0647,,,5,10,2018 CABBI,,,,
PI,665123,18PV0648,,,5,10,2018 CABBI,,,,
PI,665126,12PV2311,,PRE0455,5,15,2010-2016 PB,,,,
PI,665129,16PV0244,14PV0393,PRE0891,5,15,2010-2016 PB,,,,
PI,665132,16PV0255,"14PV0453, 12PV2242",PRE0431,5,15,2010-2016 PB,,,,
PI,665137,16PV0252,14PV0440,PRE0472,5,15,2010-2016 PB,,,,
PI,665140,16PV0210,14PV0059,PRE0493,5,15,2010-2016 PB,,,,
PI,665143,14PV0374,,PRE0586,5,15,2010-2016 PB,,,,
PI,665153,14PV0314,,PRE0499,5,15,2010-2016 PB,,,,
NSL,50448,18PV0582,,,4,1,2018 CABBI,,,,
NSL,50449,12PV2479,,,4,1,2010-2016 PB,,,,
NSL,50499,18PV0585,,,4,1,2018 CABBI,,,,
NSL,50613,12PV2557,,,4,1,2010-2016 PB,,,,
NSL,50613,18PV0587,,,4,1,2018 CABBI,,,,
NSL,50614,18PV0588,,,4,1,2018 CABBI,,,,
NSL,50634,18PV0589,,,4,1,2018 CABBI,,,,
NSL,50646,12PV2340,,,4,1,2010-2016 PB,,,,
NSL,50663,16PV0207,,,4,1,2010-2016 PB,,,,
NSL,50663,18PV0592,,,4,1,2018 CABBI,,,,
NSL,50685,16PV0246,,,4,1,2010-2016 PB,,,,
NSL,50685,18PV0593,,,4,1,2018 CABBI,,,,
NSL,50716,12PV2345,,,4,1,2010-2016 PB,,,,
NSL,50716,18PV0594,,,4,1,2018 CABBI,,,,
NSL,50717,18PV0595,,,4,1,2018 CABBI,,,,
NSL,50748,18PV0596,,,4,1,2018 CABBI,,,,
NSL,50843,18PV0597,,,4,1,2018 CABBI,,,,
NSL,50937,18PV0598,,,4,1,2018 CABBI,,,,
NSL,51678,18PV0600,,,4,1,2018 CABBI,,,,
NSL,51949,18PV0602,,,4,1,2018 CABBI,,,,
NSL,51959,18PV0603,,,4,1,2018 CABBI,,,,
NSL,51981,18PV0571,,,4,1,2018 CABBI,,,,
NSL,51982,18PV0572,,,4,1,2018 CABBI,,,,
NSL,54142,16PV0214,14PV0171,PRE0362,4,1,2010-2016 PB,,,,
NSL,54144,12PV1211,,,4,1,2010-2016 PB,,,,
NSL,54162,16PV0267,"14PV0525, 12PV2521",PRE0380,4,1,2010-2016 PB,,,,
NSL,54162,18PV0615,,,4,1,2018 CABBI,,,,
NSL,54175,18PV0618,,,4,1,2018 CABBI,,,,
NSL,54178,18PV0620,,,4,1,2018 CABBI,,,,
NSL,54184,16PV0198,12PV2292,PRE0969,4,1,2010-2016 PB,,,,
NSL,54184,18PV0621,,,4,1,2018 CABBI,,,,
NSL,54222,18PV0641,,,4,1,2018 CABBI,,,,
NSL,54236,18PV0627,,,4,1,2018 CABBI,,,,
NSL,54318,12PV1350,,,4,1,2010-2016 PB,,,,
NSL,54318,18PV0638,,,4,1,2018 CABBI,,,,
NSL,54591,16PV0269,14PV0532,PRE0452,4,1,2010-2016 PB,,,,
NSL,54705,12PV1210,,,4,1,2010-2016 PB,,,,
NSL,54705,18PV0562,,,4,1,2018 CABBI,,,,
NSL,55230,18PV0565,,,4,1,2018 CABBI,,,,
NSL,55279,12PV2408,,PRE0859,4,1,2010-2016 PB,,,,
NSL,55279,18PV0566,,,4,1,2018 CABBI,,,,
NSL,55523,12PV2263,,PRE0958,4,1,2010-2016 PB,,,,
NSL,55669,12PV2439,,PRE0471,4,1,2010-2016 PB,,,,
NSL,55669,18PV0577,,,4,1,2018 CABBI,,,,
NSL,55671,18PV0579,,,4,1,2018 CABBI,,,,
NSL,55725,12PV2565,,,4,1,2010-2016 PB,,,,
NSL,55725,18PV0446,,,4,1,2018 CABBI,,,,
NSL,55731,12PV2198,,PRE0924,4,1,2010-2016 PB,,,,
NSL,55749,12PV2286,,PRE0590,4,1,2010-2016 PB,,,,
NSL,67916,18PV0444,,,4,1,2018 CABBI,,,,
NSL,67921,12PV2261,,PRE0494,4,1,2010-2016 PB,,,,
NSL,365712,12PV2191,,PRE1186,4,1,2010-2016 PB,,,,
NSL,365712,18PV0581,,,4,1,2018 CABBI,,,,
NSL,55458A,18PV0568,,,4,1,2018 CABBI,,,,
NSL,55458A,NA,,,4,1,2010-2016 PB,,,,
PI,147828,18PV0375,,,4,2,2018 CABBI,,,,
PI,147837,14PV0137,,PRE0006,4,2,2010-2016 PB,,,,
PI,147838,12PV2526,,,4,2,2010-2016 PB,,,,
PI,147838,18PV0367,,,4,2,2018 CABBI,,,,
PI,147922,18PV0369,,,4,2,2018 CABBI,,,,
PI,147933,18PV0370,,,4,2,2018 CABBI,,,,
PI,147937,18PV0371,,,4,2,2018 CABBI,,,,
PI,147938,18PV0372,,,4,2,2018 CABBI,,,,
PI,147939,12PV2450,,PRE0020,4,2,2010-2016 PB,,,,
PI,147939,18PV0373,,,4,2,2018 CABBI,,,,
PI,148083,18PV0374,,,4,2,2018 CABBI,,,,
PI,148086,10P1204,,PRE0025,4,2,2010-2016 PB,,,,
PI,148093,18PV0379,,,4,2,2018 CABBI,,,,
PI,148101,18PV0380,,,4,2,2018 CABBI,,,,
PI,148108,18PV0381,,,4,2,2018 CABBI,,,,
PI,148114,12PV2401,,PRE0041,4,2,2010-2016 PB,,,,
PI,148114,18PV0382,,,4,2,2018 CABBI,,,,
PI,149831,18PV0384,,,4,2,2018 CABBI,,,,
PI,151198,12PV2551,,,4,2,2010-2016 PB,,,,
PI,151198,18PV0385,,,4,2,2018 CABBI,,,,
PI,152591,12PV2409,,PRE0048,4,2,2010-2016 PB,,,,
PI,152591,18PV0386,,,4,2,2018 CABBI,,,,
PI,152611,18PV0389,,,4,2,2018 CABBI,,,,
PI,152636,18PV0390,,,4,2,2018 CABBI,,,,
PI,152702,18PV0802,,,4,2,2018 CABBI,,,,
PI,152705,18PV0392,,,4,2,2018 CABBI,,,,
PI,152727,18PV0383,,,4,2,2018 CABBI,,,,
PI,152748,10P1251,,PRE0066,4,2,2010-2016 PB,,,,
PI,152856,12PV2247,,,4,2,2010-2016 PB,,,,
PI,153844,18PV0400,,,4,2,2018 CABBI,,,,
PI,153852,12PV2457,,,4,2,2010-2016 PB,,,,
PI,153852,18PV0401,,,4,2,2018 CABBI,,,,
PI,153859,18PV0402,,,4,2,2018 CABBI,,,,
PI,153860,12PV2316,,PRE0080,4,2,2010-2016 PB,,,,
PI,153860,18PV0403,,,4,2,2018 CABBI,,,,
PI,154846,15PV0847,,SB3774,4,2,2010-2016 PB,,,,
PI,154846,18PV0404,,,4,2,2018 CABBI,,,,
PI,155138,18PV0406,,,4,2,2018 CABBI,,,,
PI,155329,18PV0407,,,4,2,2018 CABBI,,,,
PI,156217,15PV0855,,SB3782,4,2,2010-2016 PB,,,,
PI,156326,15PV0858,,SB3785,4,2,2010-2016 PB,,,,
PI,156393,15PV0859,,SB3786,4,2,2010-2016 PB,,,,
PI,156393,18PV0414,,,4,2,2018 CABBI,,,,
PI,156463,12PV2372,,,4,2,2010-2016 PB,,,,
PI,156463,15PV0860,,SB3787,4,2,2010-2016 PB,,,,
PI,156463,18PV0415,,,4,2,2018 CABBI,,,,
PI,156489,15PV0862,,SB3789,4,2,2010-2016 PB,,,,
PI,156510,15PV0863,,SB3790,4,2,2010-2016 PB,,,,
PI,185458,16PV0238,,PRE0947,4,2,2010-2016 PB,,,,
PI,221625,18PV0834,,,4,2,2018 CABBI,,,,
PI,221657,18PV0832,,,4,2,2018 CABBI,,,,
PI,221662,10P1193,,,4,3,2010-2016 PB,,,,
PI,248317,18PV0830,,,4,2,2018 CABBI,,,,
PI,248318,12PV2495,,,4,3,2010-2016 PB,,,,
PI,248318,18PV0829,,,4,2,2018 CABBI,,,,
PI,266927,15PV0872,,SB3799,4,3,2010-2016 PB,,,,
PI,267364,18PV0826,,,4,2,2018 CABBI,,,,
PI,267542,18PV0825,,,4,2,2018 CABBI,,,,
PI,267551,14PV0538,,IS_2958,4,3,2010-2016 PB,,,,
PI,267551,18PV0824,,,4,2,2018 CABBI,,,,
PI,267580,16PV0203,12PV2486,PRE0593,4,3,2010-2016 PB,,,,
PI,267592,18PV0822,,,4,2,2018 CABBI,,,,
PI,267614,12PV2310,,PRE0235,4,3,2010-2016 PB,,,,
PI,267614,18PV0821,,,4,2,2018 CABBI,,,,
PI,267633,18PV0819,,,4,2,2018 CABBI,,,,
PI,267650,18PV0817,,,4,2,2018 CABBI,,,,
PI,267653,18PV0811,,,4,2,2018 CABBI,,,,
PI,271233,18PV0816,,,4,2,2018 CABBI,,,,
PI,271236,18PV0764,,,4,2,2018 CABBI,,,,
PI,273465,18PV0763,,,4,2,2018 CABBI,,,,
PI,273828,14PV0083,,PRE0165,4,3,2010-2016 PB,,,,
PI,276772,12PV2431,,PRE0126,4,3,2010-2016 PB,,,,
PI,276772,18PV0761,,,4,2,2018 CABBI,,,,
PI,276776,15PV0879,,SB3806,4,3,2010-2016 PB,,,,
PI,276781,15PV0593,,"SA_2299, SB2540",4,3,2010-2016 PB,,,,
PI,276781,18PV0758,,,4,2,2018 CABBI,,,,
PI,276784,15PV0880,,SB3807,4,3,2010-2016 PB,,,,
PI,276785,10P1266,,PRE0134,4,3,2010-2016 PB,,,,
PI,276788,16PV0275,"14PV0591, 12PV2354",PRE0137,4,3,2010-2016 PB,,,,
PI,276789,16PV0279,"14PV0604, 12PV2251",PRE0138,4,3,2010-2016 PB,,,,
PI,276790,18PV0752,,,4,2,2018 CABBI,,,,
PI,276800,12PV1044,,,4,3,2010-2016 PB,,,,
PI,276800,18PV0773,,,4,2,2018 CABBI,,,,
PI,276803,12PV2356,,PRE0147,4,3,2010-2016 PB,,,,
PI,276803,18PV0771,,,4,2,2018 CABBI,,,,
PI,276806,14PV0577,,,4,3,2010-2016 PB,,,,
PI,276806,18PV0770,,,4,2,2018 CABBI,,,,
PI,276816,16PV0265,"14PV0518, 10PV1062",PRE0155,4,3,2010-2016 PB,,,,
PI,276816,18PV0769,,,4,2,2018 CABBI,,,,
PI,276818,16PV0259,14PV0496,PRE0157,4,3,2010-2016 PB,,,,
PI,276818,18PV0768,,,4,2,2018 CABBI,,,,
PI,276820,12PV2381,,PRE0159,4,3,2010-2016 PB,,,,
PI,276823,12PV2425,,PRE0161,4,3,2010-2016 PB,,,,
PI,276829,18PV0765,,,4,3,2018 CABBI,,,,
PI,276830,18PV0850,,,4,3,2018 CABBI,,,,
PI,282835,18PV0776,,,4,3,2018 CABBI,,,,
PI,282862,18PV0788,,,4,3,2018 CABBI,,,,
PI,282868,10P1228,,,4,3,2010-2016 PB,,,,
PI,282871,16PV0375,15PV0883,Kade_Berkoujon,4,3,2010-2016 PB,,,,
PI,285039,18PV0794,,,4,3,2018 CABBI,,,,
PI,285041,18PV0779,,,4,3,2018 CABBI,,,,
PI,285043,18PV0784,,,4,3,2018 CABBI,,,,
PI,291081,18PV0777,,,4,3,2018 CABBI,,,,
PI,291084,15PV0885,,SB3812,4,3,2010-2016 PB,,,,
PI,291084,18PV0789,,,4,3,2018 CABBI,,,,
PI,291231,18PV0783,,,4,3,2018 CABBI,,,,
PI,291240,18PV0842,,,4,3,2018 CABBI,,,,
PI,297117,18PV0785,,,4,3,2018 CABBI,,,,
PI,297128,14PV0259,,IS13611,4,3,2010-2016 PB,,,,
PI,297171,14PV0233,,IS_13647,4,3,2010-2016 PB,,,,
PI,297171,18PV0775,,,4,3,2018 CABBI,,,,
PI,329299,15PV0889,,SB3816,4,4,2010-2016 PB,,,,
PI,329299,18PV0451,,,4,3,2018 CABBI,,,,
PI,329300,18PV0452,,,4,3,2018 CABBI,,,,
PI,329310,16PV0378,15PV0892,IS_11068,4,4,2010-2016 PB,,,,
PI,329311,14PV0055,,PRE1047,4,4,2010-2016 PB,,,,
PI,329319,18PV0456,,,4,3,2018 CABBI,,,,
PI,329321,15PV0894,,SB3821,4,4,2010-2016 PB,,,,
PI,329323,12PV2296,,,4,4,2010-2016 PB,,,,
PI,329323,18PV0458,,,4,3,2018 CABBI,,,,
PI,329326,15PV0895,,SB3822,4,4,2010-2016 PB,,,,
PI,329333,18PV0461,,,4,3,2018 CABBI,,,,
PI,329362,14PV0513,,Mashila1,4,4,2010-2016 PB,,,,
PI,329367,18PV0465,,,4,3,2018 CABBI,,,,
PI,329370,15PV0900,,SB3827,4,4,2010-2016 PB,,,,
PI,329370,18PV0466,,,4,3,2018 CABBI,,,,
PI,329374,15PV0901,,SB3828,4,4,2010-2016 PB,,,,
PI,329383,18PV0468,,,4,3,2018 CABBI,,,,
PI,329386,15PV0903,,SB3830,4,4,2010-2016 PB,,,,
PI,329391,15PV0904,,SB3831,4,5,2010-2016 PB,,,,
PI,329391,18PV0470,,,4,3,2018 CABBI,,,,
PI,329392,15PV0905,,SB3832,4,4,2010-2016 PB,,,,
PI,329429,14PV0587,,Mashila4,4,4,2010-2016 PB,,,,
PI,329444,16PV0381,15PV0909,IS_11201,4,4,2010-2016 PB,,,,
PI,329444,18PV0474,,,4,3,2018 CABBI,,,,
PI,329465,15PV0910,,SB3837,4,5,2010-2016 PB,,,,
PI,329465,18PV0475,,,4,3,2018 CABBI,,,,
PI,329478,15PV0912,,SB3839,4,4,2010-2016 PB,,,,
PI,329478,18PV0477,,,4,3,2018 CABBI,,,,
PI,329480,15PV0913,,SB3840,4,4,2010-2016 PB,,,,
PI,329501,15PV0915,,SB3842,4,4,2010-2016 PB,,,,
PI,329506,18PV0482,,,4,3,2018 CABBI,,,,
PI,329510,15PV0917,,,4,4,2010-2016 PB,,,,
PI,329510,18PV0483,,,4,3,2018 CABBI,,,,
PI,329511,18PV0484,,,4,3,2018 CABBI,,,,
PI,329513,18PV0485,,,4,3,2018 CABBI,,,,
PI,329514,18PV0857,,,4,3,2018 CABBI,,,,
PI,329517,15PV0919,,SB3846,4,4,2010-2016 PB,,,,
PI,329517,18PV0486,,,4,3,2018 CABBI,,,,
PI,329518,15PV0920,,SB3847,4,4,2010-2016 PB,,,,
PI,329518,18PV0487,,,4,3,2018 CABBI,,,,
PI,329521,18PV0488,,,4,3,2018 CABBI,,,,
PI,329524,18PV0489,,,4,3,2018 CABBI,,,,
PI,329525,18PV0490,,,4,3,2018 CABBI,,,,
PI,329528,14PV0748,,IS_11280,4,4,2010-2016 PB,,,,
PI,329545,15PV0923,,SB3850,4,4,2010-2016 PB,,,,
PI,329546,15PV0924,,SB3851,4,4,2010-2016 PB,,,,
PI,329546,18PV0495,,,4,3,2018 CABBI,,,,
PI,329550,15PV0925,,SB3852,4,4,2010-2016 PB,,,,
PI,329554,15PV0927,,SB3854,4,4,2010-2016 PB,,,,
PI,329569,18PV0462,,,4,3,2018 CABBI,,,,
PI,329570,16PV0264,14PV0515,IS_11321,4,4,2010-2016 PB,,,,
PI,329605,15PV0930,,SB3857,4,5,2010-2016 PB,,,,
PI,329613,18PV0502,,,4,3,2018 CABBI,,,,
PI,329614,15PV0931,,SB3858,4,5,2010-2016 PB,,,,
PI,329615,15PV0932,,SB3859,4,5,2010-2016 PB,,,,
PI,329624,14PV0207,,IS_11369,4,5,2010-2016 PB,,,,
PI,329633,15PV0571,,IS_11378,4,5,2010-2016 PB,,,,
PI,329644,15PV0937,,SB3864,4,5,2010-2016 PB,,,,
PI,329662,14PV0735,,Archirie,4,5,2010-2016 PB,,,,
PI,329665,15PV0939,,SB3866,4,5,2010-2016 PB,,,,
PI,329673,15PV0940,,SB3867,4,5,2010-2016 PB,,,,
PI,329677,15PV0941,,SB3868,4,5,2010-2016 PB,,,,
PI,329698,18PV0515,,,4,4,2018 CABBI,,,,
PI,329702,15PV0942,,SB3869,4,5,2010-2016 PB,,,,
PI,329710,15PV0943_1,,SB3870,4,5,2010-2016 PB,,,,
PI,329710,15PV0943_2,,,4,5,2010-2016 PB,,,,
PI,329711,15PV0944,,SB3871,4,5,2010-2016 PB,,,,
PI,329717,14PV0635,,IS_11453,4,5,2010-2016 PB,,,,
PI,329717,18PV0517,,,4,4,2018 CABBI,,,,
PI,329719,14PV0402,,PRE1015,4,5,2010-2016 PB,,,,
PI,329723,14PV0302,,IS_11459,4,5,2010-2016 PB,,,,
PI,329723,18PV0520,,,4,4,2018 CABBI,,,,
PI,329727,14PV0318,,IS_11463,4,5,2010-2016 PB,,,,
PI,329727,18PV0521,,,4,4,2018 CABBI,,,,
PI,329841,15PV0948,,SB3875,4,5,2010-2016 PB,,,,
PI,329843,16PV0382,15PV0949,IS_11574,4,5,2010-2016 PB,,,,
PI,329860,18PV0812,,,4,4,2018 CABBI,,,,
PI,329865,15PV0950_1,,SB3877,4,5,2010-2016 PB,,,,
PI,329865,15PV0950_2,,,4,5,2010-2016 PB,,,,
PI,329915,12PV1349,,,4,5,2010-2016 PB,,,,
PI,329930,15PV0951_1,,SB3878,4,5,2010-2016 PB,,,,
PI,329930,15PV0951_2,,,4,5,2010-2016 PB,,,,
PI,329956,15PV0953,,SB3880,4,5,2010-2016 PB,,,,
PI,329958,18PV0530,,,4,4,2018 CABBI,,,,
PI,329965,16PV0383,15PV0954,R_423,4,5,2010-2016 PB,,,,
PI,329998,18PV0532,,,4,4,2018 CABBI,,,,
PI,330019,16PV0280,14PV0605,R_484,4,6,2010-2016 PB,,,,
PI,330023,16PV0384,15PV0955,R_488,4,6,2010-2016 PB,,,,
PI,330049,15PV0957,,SB3884,4,6,2010-2016 PB,,,,
PI,330057,15PV0958,,SB3885,4,6,2010-2016 PB,,,,
PI,330070,14PV0573,,PRE0975,4,6,2010-2016 PB,,,,
PI,330070,18PV0538,,,4,4,2018 CABBI,,,,
PI,330095,14PV0297,,PRE1155,4,6,2010-2016 PB,,,,
PI,330098,12PV2215,,PRE1156,4,6,2010-2016 PB,,,,
PI,330098,18PV0540,,,4,4,2018 CABBI,,,,
PI,330112,15PV0959_1,,SB3886,4,6,2010-2016 PB,,,,
PI,330165,14PV0611,,PRE1031,4,6,2010-2016 PB,,,,
PI,330169,18PV0543,,,4,4,2018 CABBI,,,,
PI,330185,18PV0545,,,4,4,2018 CABBI,,,,
PI,330195,15PV0969_2,,,4,6,2010-2016 PB,,,,
PI,330204,14PV0835,,IS_11922,4,6,2010-2016 PB,,,,
PI,330204,18PV0546,,,4,4,2018 CABBI,,,,
PI,330210,15PV0972_2,,,4,6,2010-2016 PB,,,,
PI,330267,15PV0975,,SB3902,4,6,2010-2016 PB,,,,
PI,330267,18PV0547,,,4,4,2018 CABBI,,,,
PI,330734,14PV0198,,,4,6,2010-2016 PB,,,,
PI,330734,18PV0548,,,4,4,2018 CABBI,,,,
PI,330800,18PV0549,,,4,4,2018 CABBI,,,,
PI,330807,14PV0285,,IS_12091,4,6,2010-2016 PB,,,,
PI,330807,18PV0550,,,4,4,2018 CABBI,,,,
PI,330833,15PV0978,,SB3905,4,6,2010-2016 PB,,,,
PI,330843,14PV0830,,,4,6,2010-2016 PB,,,,
PI,330858,15PV0979,,SB3906,4,6,2010-2016 PB,,,,
PI,330877,14PV0309,,,4,6,2010-2016 PB,,,,
PI,330877,18PV0553,,,4,4,2018 CABBI,,,,
PI,330887,18PV0555,,,4,4,2018 CABBI,,,,
PI,330894,18PV0556,,,4,4,2018 CABBI,,,,
PI,330897,14PV0461,,,4,6,2010-2016 PB,,,,
PI,330897,18PV0557,,,4,4,2018 CABBI,,,,
PI,330969,14PV0349,,,4,6,2010-2016 PB,,,,
PI,330969,18PV0558,,,4,4,2018 CABBI,,,,
PI,337680,15PV0980,,,4,6,2010-2016 PB,,,,
PI,383856,16PV0262,,,4,6,2010-2016 PB,,,,
PI,452511,18PV0194,,,4,4,2018 CABBI,,,,
PI,452533,18PV0350,,,4,4,2018 CABBI,,,,
PI,452534,15PV0606,,SB2810,4,7,2010-2016 PB,,,,
PI,452563,15PV0611,,SB2839,4,7,2010-2016 PB,,,,
PI,452563,18PV0336,,,4,4,2018 CABBI,,,,
PI,452567,15PV0613,,SB2843,4,7,2010-2016 PB,,,,
PI,452578,18PV0335,,,4,4,2018 CABBI,,,,
PI,452580,14PV0142,,,4,7,2010-2016 PB,,,,
PI,452580,18PV0354,,,4,4,2018 CABBI,,,,
PI,452584,18PV0353,,,4,4,2018 CABBI,,,,
PI,452587,15PV0621,,SB2862,4,7,2010-2016 PB,,,,
PI,452590,18PV0321,,,4,4,2018 CABBI,,,,
PI,452611,18PV0348,,,4,4,2018 CABBI,,,,
PI,452616,15PV0629,,SB2891,4,7,2010-2016 PB,,,,
PI,452616,18PV0361,,,4,4,2018 CABBI,,,,
PI,452632,18PV0322,,,4,4,2018 CABBI,,,,
PI,452639,18PV0323,,,4,4,2018 CABBI,,,,
PI,452640,18PV0324,,,4,4,2018 CABBI,,,,
PI,452648,18PV0325,,,4,4,2018 CABBI,,,,
PI,452656,15PV0535,14PV0385(?),Durra1,4,7,2010-2016 PB,,,,
PI,452659,18PV0328,,,4,4,2018 CABBI,,,,
PI,452662,18PV0329,,,4,4,2018 CABBI,,,,
PI,452668,18PV0331,,,4,4,2018 CABBI,,,,
PI,452693,15PV0654,,SB2967,4,7,2010-2016 PB,,,,
PI,452697,18PV0240,,,4,4,2018 CABBI,,,,
PI,452713,18PV0273,,,4,4,2018 CABBI,,,,
PI,452729,15PV0662,,SB3001,4,7,2010-2016 PB,,,,
PI,452729,18PV0280,,,4,4,2018 CABBI,,,,
PI,452736,15PV0665_2,,,4,7,2010-2016 PB,,,,
PI,452736,18PV0281,,,4,4,2018 CABBI,,,,
PI,452753,15PV0668,,SB3025,4,7,2010-2016 PB,,,,
PI,452756,18PV0229,,,4,4,2018 CABBI,,,,
PI,452761,15PV0671,,SB3033,4,7,2010-2016 PB,,,,
PI,452761,18PV0228,,,4,4,2018 CABBI,,,,
PI,452770,18PV0230,,,4,4,2018 CABBI,,,,
PI,452804,15PV0676,,SB3076,4,7,2010-2016 PB,,,,
PI,452804,18PV0233,,,4,4,2018 CABBI,,,,
PI,452807,18PV0234,,,4,5,2018 CABBI,,,,
PI,452808,18PV0235,,,4,5,2018 CABBI,,,,
PI,452844,18PV0855,,,4,5,2018 CABBI,,,,
PI,452845,18PV0236,,,4,5,2018 CABBI,,,,
PI,452850,15PV0686,,SB3122,4,7,2010-2016 PB,,,,
PI,452851,16PV0345,15PV0687,,4,7,2010-2016 PB,,,,
PI,452874,18PV0314,,,4,5,2018 CABBI,,,,
PI,452890,18PV0312,,,4,5,2018 CABBI,,,,
PI,452891,18PV0311,,,4,5,2018 CABBI,,,,
PI,452906,18PV0315,,,4,5,2018 CABBI,,,,
PI,452928,14PV0753,,ETS_2222,4,7,2010-2016 PB,,,,
PI,452930,18PV0309,,,4,5,2018 CABBI,,,,
PI,452942,18PV0319,,,4,5,2018 CABBI,,,,
PI,452946,18PV0268,,,4,5,2018 CABBI,,,,
PI,452958,18PV0190,,,4,5,2018 CABBI,,,,
PI,452967,18PV0191,,,4,5,2018 CABBI,,,,
PI,452982,15PV0712,,SB3252,4,7,2010-2016 PB,,,,
PI,452987,15PV0715,,SB3257,4,7,2010-2016 PB,,,,
PI,452988,18PV0269,,,4,5,2018 CABBI,,,,
PI,452990,15PV0717,,SB3260,4,7,2010-2016 PB,,,,
PI,452990,18PV0263,,,4,5,2018 CABBI,,,,
PI,452991,18PV0260,,,4,5,2018 CABBI,,,,
PI,452994,15PV0719,,SB3264,4,7,2010-2016 PB,,,,
PI,452995,16PV0348,15PV0720B01,,4,7,2010-2016 PB,,,,
PI,453006,15PV0722,,SB3276,4,8,2010-2016 PB,,,,
PI,453014,15PV0723,,SB3284,4,8,2010-2016 PB,,,,
PI,453016,15PV0724,,SB3286,4,8,2010-2016 PB,,,,
PI,453021,15PV0726,,SB3291,4,8,2010-2016 PB,,,,
PI,453030,16PV0349,15PV0727,,4,8,2010-2016 PB,,,,
PI,453030,18PV0267,,,4,5,2018 CABBI,,,,
PI,453110,18PV0282,,,4,5,2018 CABBI,,,,
PI,453115,14PV0427,,ETS_3862,4,8,2010-2016 PB,,,,
PI,453136,18PV0216,,,4,5,2018 CABBI,,,,
PI,453157,15PV0760,,SB3424,4,8,2010-2016 PB,,,,
PI,453162,18PV0219,,,4,5,2018 CABBI,,,,
PI,453183,16PV0360,15PV0769,,4,8,2010-2016 PB,,,,
PI,453183,18PV0223,,,4,5,2018 CABBI,,,,
PI,453215,16PV0361,15PV0773B01,,4,8,2010-2016 PB,,,,
PI,453216,15PV0517,14PV0196,ETS_4675,4,8,2010-2016 PB,,,,
PI,453217,18PV0287,,,4,5,2018 CABBI,,,,
PI,453219,16PV0363,15PV0776B01,,4,8,2010-2016 PB,,,,
PI,453221,15PV0777,,SB3488,4,8,2010-2016 PB,,,,
PI,453221,18PV0289,,,4,5,2018 CABBI,,,,
PI,453224,15PV0778,,SB3491,4,8,2010-2016 PB,,,,
PI,453224,18PV0290,,,4,5,2018 CABBI,,,,
PI,453233,18PV0291,,,4,5,2018 CABBI,,,,
PI,453234,15PV0782_1,,SB3501,4,8,2010-2016 PB,,,,
PI,453237,15PV0785,,SB3504,4,8,2010-2016 PB,,,,
PI,453238,15PV0786,,SB3505,4,8,2010-2016 PB,,,,
PI,453241,15PV0788,,SB3508,4,8,2010-2016 PB,,,,
PI,453257,12PV2217,,Grif16024,4,8,2010-2016 PB,,,,
PI,453257,18PV0299,,,4,5,2018 CABBI,,,,
PI,453269,12PV2395,,Iceberg_Orange,4,8,2010-2016 PB,,,,
PI,453288,18PV0302,,,4,5,2018 CABBI,,,,
PI,453312,15PV0806_1,,SB3579,4,8,2010-2016 PB,,,,
PI,453315,18PV0305,,,4,5,2018 CABBI,,,,
PI,453326,18PV0306,,,4,5,2018 CABBI,,,,
PI,453328,14PV0229,,IS_11268,4,8,2010-2016 PB,,,,
PI,453330,18PV0244,,,4,5,2018 CABBI,,,,
PI,453336,15PV0815,,SB3603,4,8,2010-2016 PB,,,,
PI,453336,18PV0246,,,4,5,2018 CABBI,,,,
PI,453339,18PV0849,,,4,5,2018 CABBI,,,,
PI,453349,15PV0820,,SB3616,4,8,2010-2016 PB,,,,
PI,453349,18PV0256,,,4,5,2018 CABBI,,,,
PI,453354,18PV0259,,,4,5,2018 CABBI,,,,
PI,453365,15PV0824,,SB3632,4,8,2010-2016 PB,,,,
PI,453367,18PV0277,,,4,5,2018 CABBI,,,,
PI,453370,18PV0278,,,4,5,2018 CABBI,,,,
PI,453392,15PV0828,,SB3659,4,8,2010-2016 PB,,,,
PI,453393,18PV0225,,,4,5,2018 CABBI,,,,
PI,453433,15PV0834,,SB3700,4,8,2010-2016 PB,,,,
PI,453464,15PV0836,,SB3730,4,8,2010-2016 PB,,,,
PI,453494,15PV0592,,IS_11335,4,8,2010-2016 PB,,,,
PI,453522,18PV0200,,,4,5,2018 CABBI,,,,
PI,453572,15PV0982_1,,SB3909,4,9,2010-2016 PB,,,,
PI,453572,15PV0982_2,,,4,9,2010-2016 PB,,,,
PI,453641,15PV0983_2,,,4,9,2010-2016 PB,,,,
PI,453690,18PV0201,,,4,5,2018 CABBI,,,,
PI,453696,15PV0984_2,,,4,9,2010-2016 PB,,,,
PI,453766,18PV0202,,,4,5,2018 CABBI,,,,
PI,453848,14PV0818,,ETS_2693,4,9,2010-2016 PB,,,,
PI,453852,15PV0986,,SB3913,4,9,2010-2016 PB,,,,
PI,453914,16PV0334,15PV0558,ETS_2727,4,9,2010-2016 PB,,,,
PI,453953,16PV0338,15PV0594,ETS_2748,4,9,2010-2016 PB,,,,
PI,454078,18PV0209,,,4,5,2018 CABBI,,,,
PI,454241,15PV0992,,SB3919,4,9,2010-2016 PB,,,,
PI,454241,18PV0211,,,4,5,2018 CABBI,,,,
PI,454468,18PV0215,,,4,6,2018 CABBI,,,,
PI,454584,18PV0339,,,4,6,2018 CABBI,,,,
PI,454674,18PV0337,,,4,6,2018 CABBI,,,,
PI,454687,16PV0289,14PV0651,ETS_3181,4,9,2010-2016 PB,,,,
PI,454687,18PV0341,,,4,6,2018 CABBI,,,,
PI,454848,18PV0334,,,4,6,2018 CABBI,,,,
PI,454927,18PV0345,,,4,6,2018 CABBI,,,,
PI,455251,14PV0706,,ETS_3472,4,9,2010-2016 PB,,,,
PI,455251,18PV0342,,,4,6,2018 CABBI,,,,
PI,455621,14PV0488,,ETS_3705,4,9,2010-2016 PB,,,,
PI,455621,18PV0355,,,4,6,2018 CABBI,,,,
PI,456419,14PV0650,,ETS_4188,4,9,2010-2016 PB,,,,
PI,456419,18PV0358,,,4,6,2018 CABBI,,,,
PI,456421,14PV0080,,ETS_4120,4,9,2010-2016 PB,,,,
PI,456421,18PV0359,,,4,6,2018 CABBI,,,,
PI,456423,18PV0360,,,4,6,2018 CABBI,,,,
PI,456722,14PV0557,,ETS_4300_A,4,9,2010-2016 PB,,,,
PI,456722,18PV0362,,,4,6,2018 CABBI,,,,
PI,457092,18PV0364,,,4,6,2018 CABBI,,,,
PI,457135,18PV0365,,,4,6,2018 CABBI,,,,
PI,457145,14PV0812,,ETS_4529,4,9,2010-2016 PB,,,,
PI,457145,18PV0366,,,4,6,2018 CABBI,,,,
PI,457167,14PV0238,,ETS_4541,4,9,2010-2016 PB,,,,
PI,457167,18PV0283,,,4,6,2018 CABBI,,,,
PI,457169,14PV0775,,ETS_4542,4,9,2010-2016 PB,,,,
PI,457169,18PV0249,,,4,6,2018 CABBI,,,,
PI,457178,14PV0126,,ETS_4547_A,4,9,2010-2016 PB,,,,
PI,457178,18PV0250,,,4,6,2018 CABBI,,,,
PI,457597,18PV0255,,,4,6,2018 CABBI,,,,
PI,457822,18PV0257,,,4,6,2018 CABBI,,,,
PI,481843,18PV0193,,,4,6,2018 CABBI,,,,
PI,481848,18PV0195,,,4,6,2018 CABBI,,,,
PI,496311,14PV0081,,PB_47,4,9,2010-2016 PB,,,,
PI,500996,14PV0726,,,4,10,2010-2016 PB,,,,
PI,500996,18PV0001,,,4,6,2018 CABBI,,,,
PI,505705,12PV2283,,PRE1446,4,10,2010-2016 PB,,,,
PI,505719,16PV0273,14PV0583,ZMA_5292,4,10,2010-2016 PB,,,,
PI,505719,18PV0003,,,4,6,2018 CABBI,,,,
PI,505720,14PV0333,,ZMA_5293,4,10,2010-2016 PB,,,,
PI,505720,18PV0004,,,4,6,2018 CABBI,,,,
PI,505730,15PV0515,14PV0161,ZMA_5327,4,10,2010-2016 PB,,,,
PI,505730,18PV0005,,,4,6,2018 CABBI,,,,
PI,505737,18PV0006,,,4,6,2018 CABBI,,,,
PI,505740,18PV0844,,,4,6,2018 CABBI,,,,
PI,505741,18PV0008,,,4,6,2018 CABBI,,,,
PI,506013,16PV0333,15PV0551,Belko,4,10,2010-2016 PB,,,,
PI,506058,15PV0529,14PV0327,Mila,4,10,2010-2016 PB,,,,
PI,506058,18PV0012,,,4,6,2018 CABBI,,,,
PI,506122,18PV0014,,,4,6,2018 CABBI,,,,
PI,508366,15PV0528,14PV0317,MA38,4,10,2010-2016 PB,,,,
PI,508366,15PV1045,,SB3972,4,10,2010-2016 PB,,,,
PI,510757,15PV1046,,SB3973,4,10,2010-2016 PB,,,,
PI,513896,15PV1048,,SB3975,4,10,2010-2016 PB,,,,
PI,513901,15PV1050,,SB3977,4,10,2010-2016 PB,,,,
PI,513912,18PV0022,,,4,6,2018 CABBI,,,,
PI,513913,18PV0020,,,4,6,2018 CABBI,,,,
PI,514139,15PV1054,,SB3981,4,10,2010-2016 PB,,,,
PI,514139,18PV0024,,,4,6,2018 CABBI,,,,
PI,514196,18PV0023,,,4,6,2018 CABBI,,,,
PI,514254,16PV0386,15PV1059,Dompago,4,10,2010-2016 PB,,,,
PI,514291,16PV0271,14PV0548,Nieniko1,4,10,2010-2016 PB,,,,
PI,514344,15PV1060,,SB3987,4,10,2010-2016 PB,,,,
PI,514345,15PV0513,14PV0157,Bassi_Kaba,4,10,2010-2016 PB,,,,
PI,514427,16PV387,15PV1061,Bayeri,4,10,2010-2016 PB,,,,
PI,514456,15PV1064,,SB3991,4,10,2010-2016 PB,,,,
PI,514475,18PV0030,,,4,6,2018 CABBI,,,,
PI,514497,18PV0031,,,4,6,2018 CABBI,,,,
PI,514556,15PV1068,,SB3995,4,10,2010-2016 PB,,,,
PI,520872,18PV0052,,,4,6,2018 CABBI,,,,
PI,520940,18PV0053,,,4,6,2018 CABBI,,,,
PI,520955,18PV0054,,,4,6,2018 CABBI,,,,
PI,520982,18PV0055,,,4,6,2018 CABBI,,,,
PI,520990,18PV0056,,,4,6,2018 CABBI,,,,
PI,520997,18PV0057,,,4,6,2018 CABBI,,,,
PI,521018,18PV0058,,,4,6,2018 CABBI,,,,
PI,521019,18PV0059,,,4,7,2018 CABBI,,,,
PI,521020,14PV0321,,Ochuti2,4,10,2010-2016 PB,,,,
PI,521020,18PV0060,,,4,7,2018 CABBI,,,,
PI,521025,18PV0061,,,4,7,2018 CABBI,,,,
PI,521041,18PV0063,,,4,7,2018 CABBI,,,,
PI,521048,15PV1078,,SB4005,4,11,2010-2016 PB,,,,
PI,521048,18PV0065,,,4,7,2018 CABBI,,,,
PI,521064,18PV0067,,,4,7,2018 CABBI,,,,
PI,521069,18PV0068,,,4,7,2018 CABBI,,,,
PI,521086,18PV0070,,,4,7,2018 CABBI,,,,
PI,521088,14PV0805,,Ochuti3,4,11,2010-2016 PB,,,,
PI,521094,18PV0072,,,4,7,2018 CABBI,,,,
PI,521150,18PV0074,,,4,7,2018 CABBI,,,,
PI,521159,14PV0590,,Andiwo5,4,11,2010-2016 PB,,,,
PI,521168,14PV0282,,Ochuti5,4,11,2010-2016 PB,,,,
PI,521168,18PV0079,,,4,7,2018 CABBI,,,,
PI,521175,18PV0080,,,4,7,2018 CABBI,,,,
PI,521198,18PV0082,,,4,7,2018 CABBI,,,,
PI,521290,18PV0083,,,4,7,2018 CABBI,,,,
PI,522129,18PV0084,,,4,7,2018 CABBI,,,,
PI,522160,10P1153,,,4,11,2010-2016 PB,,,,
PI,524456,18PV0086,,,4,7,2018 CABBI,,,,
PI,524469,15PV1104,,SB4031,4,11,2010-2016 PB,,,,
PI,524469,18PV0095,,,4,7,2018 CABBI,,,,
PI,524475,18PV0096,,,4,7,2018 CABBI,,,,
PI,524505,15PV0546,14PV0516,Luwaiah,4,11,2010-2016 PB,,,,
PI,524505,18PV0097,,,4,7,2018 CABBI,,,,
PI,524689,18PV0098,,,4,7,2018 CABBI,,,,
PI,524814,18PV0099,,,4,7,2018 CABBI,,,,
PI,524933,14PV0531,,Nkona,4,11,2010-2016 PB,,,,
PI,524933,18PV0101,,,4,7,2018 CABBI,,,,
PI,525625,18PV0105,,,4,7,2018 CABBI,,,,
PI,525641,18PV0106,,,4,7,2018 CABBI,,,,
PI,525651,18PV0107,,,4,7,2018 CABBI,,,,
PI,525653,18PV0846,,,4,7,2018 CABBI,,,,
PI,525671,15PV1119,,SB4046,4,11,2010-2016 PB,,,,
PI,525676,14PV0301,,Gadiaba3,4,11,2010-2016 PB,,,,
PI,525676,18PV0112,,,4,7,2018 CABBI,,,,
PI,525728,18PV0853,,,4,7,2018 CABBI,,,,
PI,525742,14PV0310,,Gadiaba_Sioli,4,11,2010-2016 PB,,,,
PI,525750,15PV0521,14PV0252,Samonka1,4,11,2010-2016 PB,,,,
PI,525750,18PV0115,,,4,7,2018 CABBI,,,,
PI,525801,15PV1124,,SB4051,4,11,2010-2016 PB,,,,
PI,525814,15PV0545,14PV0504,Dorokon1,4,11,2010-2016 PB,,,,
PI,525827,14PV0178,,Samonko2,4,11,2010-2016 PB,,,,
PI,525835,16PV0295,15GH,Nieniefi1,4,11,2010-2016 PB,,,,
PI,525835,16PV0314,15GH,Nieniefi1,4,11,2010-2016 PB,,,,
PI,525842,18PV0126,,,4,7,2018 CABBI,,,,
PI,525855,15PV0533,14PV0377,Nionifi1,4,12,2010-2016 PB,,,,
PI,525859,15PV1125,,SB4052,4,12,2010-2016 PB,,,,
PI,525875,16PV0274,14PV0585,Sakoika_Ble,4,12,2010-2016 PB,,,,
PI,525884,15PV0597,,"SB2741, Keninke_Gele",4,12,2010-2016 PB,,,,
PI,525919,15PV0566,14PV0673,Bimbiri_Sara,4,12,2010-2016 PB,,,,
PI,525931,15PV1127,,SB4054,4,12,2010-2016 PB,,,,
PI,525968,15PV1129,,SB4056,4,12,2010-2016 PB,,,,
PI,526015,14PV0449,,Kalla_Niegue,4,12,2010-2016 PB,,,,
PI,526017,14PV0224,,Nie_Nie_Ble,4,12,2010-2016 PB,,,,
PI,526032,15PV0581,14PV0776,Seguetena2,4,12,2010-2016 PB,,,,
PI,526043,14PV0278,,Kalla_Ka,4,12,2010-2016 PB,,,,
PI,526043,18PV0035,,,4,7,2018 CABBI,,,,
PI,526101,14PV0281,,Heme_Doumo1,4,12,2010-2016 PB,,,,
PI,526124,18PV0088,,,4,8,2018 CABBI,,,,
PI,526147,15PV0508,14PV0124,Keninke_Niteli,4,12,2010-2016 PB,,,,
PI,526630,15PVÉ,,,4,11,2010-2016 PB,,,,
PI,527676,15PV1134,,SB4061,4,12,2010-2016 PB,,,,
PI,562732,18PV0433,,,4,8,2018 CABBI,,,,
PI,562897,15PV1138,,SB4065,4,12,2010-2016 PB,,,,
PI,562944,16PV0222,14PV0247,PRE0337,4,12,2010-2016 PB,,,,
PI,562944,18PV0435,,,4,8,2018 CABBI,,,,
PI,562968,15PV0579,14PV0756,DARA_FARAFARA_KAE,4,12,2010-2016 PB,,,,
PI,562971,18PV0437,,,4,8,2018 CABBI,,,,
PI,562980,18PV0438,,,4,8,2018 CABBI,,,,
PI,562981,18PV0439,,,4,8,2018 CABBI,,,,
PI,562982,14PV1144,,SB4071,4,12,2010-2016 PB,,,,
PI,562982,18PV0440,,,4,8,2018 CABBI,,,,
PI,562995,12PV2220,,PRE0522,4,12,2010-2016 PB,,,,
PI,562995,18PV0656,,,4,8,2018 CABBI,,,,
PI,562998,18PV0653,,,4,8,2018 CABBI,,,,
PI,563021,15PV1154,,SB4081,4,12,2010-2016 PB,,,,
PI,563023,12PV2289,,PRE0282,4,12,2010-2016 PB,,,,
PI,563023,18PV0659,,,4,8,2018 CABBI,,,,
PI,563216,18PV0431,,,4,8,2018 CABBI,,,,
PI,563222,18PV0430,,,4,8,2018 CABBI,,,,
PI,563329,14PV0688,,IS_10005,4,12,2010-2016 PB,,,,
PI,563330,18PV0428,,,4,8,2018 CABBI,,,,
PI,563338,16PV0394,15PV1164,IS_10105,4,12,2010-2016 PB,,,,
PI,563351,18PV0425,,,4,8,2018 CABBI,,,,
PI,563352,18PV0424,,,4,8,2018 CABBI,,,,
PI,563353,18PV0423,,,4,8,2018 CABBI,,,,
PI,563509,12PV1153,,,4,12,2010-2016 PB,,,,
PI,568676,18PV0421,,,4,8,2018 CABBI,,,,
PI,568755,18PV0852,,,4,8,2018 CABBI,,,,
PI,569419,18PV0139,,,4,8,2018 CABBI,,,,
PI,569420,18PV0140,,,4,8,2018 CABBI,,,,
PI,569421,18PV0141,,,4,8,2018 CABBI,,,,
PI,569458,15PV1193,,SB4120,4,12,2010-2016 PB,,,,
PI,569462,18PV0147,,,4,8,2018 CABBI,,,,
PI,570031,16PV0396,15PV1198,IS_22809,4,13,2010-2016 PB,,,,
PI,570031,18PV0148,,,4,8,2018 CABBI,,,,
PI,570053,15PV10202,,SB4129,4,13,2010-2016 PB,,,,
PI,570053,18PV0149,,,4,8,2018 CABBI,,,,
PI,570071,16PV0397,15PV1203,IS_22849,4,13,2010-2016 PB,,,,
PI,570075,18PV0152,,,4,8,2018 CABBI,,,,
PI,570085,15PV1208,,SB4135,4,13,2010-2016 PB,,,,
PI,570085,18PV0153,,,4,8,2018 CABBI,,,,
PI,570109,18PV0156,,,4,8,2018 CABBI,,,,
PI,570110,15PV1215,,SB4142,4,13,2010-2016 PB,,,,
PI,570110,18PV0157,,,4,8,2018 CABBI,,,,
PI,570254,16PV0398,15PV1218,IS_23034,4,13,2010-2016 PB,,,,
PI,570254,18PV0158,,,4,8,2018 CABBI,,,,
PI,570388,18PV0159,,,4,8,2018 CABBI,,,,
PI,570393,18PV0160,,,4,8,2018 CABBI,,,,
PI,570400,18PV0161,,,4,8,2018 CABBI,,,,
PI,570708,18PV0162,,,4,8,2018 CABBI,,,,
PI,570712,15PV0569,14PV0691,PRE0268,4,13,2010-2016 PB,,,,
PI,570712,18PV0163,,,4,8,2018 CABBI,,,,
PI,570916,18PV0165,,,4,8,2018 CABBI,,,,
PI,570969,18PV0167,,,4,8,2018 CABBI,,,,
PI,571020,12PV2400,,PRE0913,4,13,2010-2016 PB,,,,
PI,571020,18PV0168,,,4,8,2018 CABBI,,,,
PI,571022,12PV2545,,,4,13,2010-2016 PB,,,,
PI,571022,18PV0169,,,4,8,2018 CABBI,,,,
PI,585406,18PV0173,,,4,8,2018 CABBI,,,,
PI,585433,14PV0638,,IS_24920,4,13,2010-2016 PB,,,,
PI,585467,15PV1231,,SB4158,4,13,2010-2016 PB,,,,
PI,585467,18PV0174,,,4,8,2018 CABBI,,,,
PI,585540,16PV0277,14PV0594,IS_25302,4,13,2010-2016 PB,,,,
PI,585540,18PV0175,,,4,8,2018 CABBI,,,,
PI,585561,18PV0177,,,4,8,2018 CABBI,,,,
PI,585794,15PV1238,,SB4165,4,13,2010-2016 PB,,,,
PI,585794,18PV0179,,,4,8,2018 CABBI,,,,
PI,585948,14PV0269,,,4,13,2010-2016 PB,,,,
PI,585948,18PV0180,,,4,8,2018 CABBI,,,,
PI,585951,16PV0400,15PV1239,MLAKESSEMA,4,13,2010-2016 PB,,,,
PI,585951,18PV0181,,,4,8,2018 CABBI,,,,
PI,585956,15PV0526,14PV0303,BOBAKPIPA,4,13,2010-2016 PB,,,,
PI,585956,18PV0182,,,4,8,2018 CABBI,,,,
PI,585961,15PV1241,,SB4168,4,13,2010-2016 PB,,,,
PI,585966,18PV0185,,,4,9,2018 CABBI,,,,
PI,586022,15PV1243,,SB4170,4,13,2010-2016 PB,,,,
PI,586022,18PV0184,,,4,9,2018 CABBI,,,,
PI,646242,18PV0716,,,4,9,2018 CABBI,,,,
PI,647716,18PV0717,,,4,9,2018 CABBI,,,,
PI,647745,18PV0665,,,4,9,2018 CABBI,,,,
PI,651103,14PV0204,,PRE0549,4,14,2010-2016 PB,,,,
PI,651103,18PV0666,,,4,9,2018 CABBI,,,,
PI,651113,18PV0736,,,4,9,2018 CABBI,,,,
PI,651116,12PV2380,,PRE0275,4,14,2010-2016 PB,,,,
PI,651116,18PV0743,,,4,9,2018 CABBI,,,,
PI,651124,18PV0726,,,4,9,2018 CABBI,,,,
PI,651131,16PV0243,14PV0376,PRE0523,4,14,2010-2016 PB,,,,
PI,651131,18PV0722,,,4,9,2018 CABBI,,,,
PI,651167,18PV0720,,,4,9,2018 CABBI,,,,
PI,651178,18PV0723,,,4,9,2018 CABBI,,,,
PI,651187,18PV0724,,,4,9,2018 CABBI,,,,
PI,660554,15PV0510,14PV0140,PRE0790,4,14,2010-2016 PB,,,,
PI,660554,18PV0725,,,4,9,2018 CABBI,,,,
PI,660555,18PV0727,,,4,9,2018 CABBI,,,,
PI,660556,18PV0808,,,4,9,2018 CABBI,,,,
PI,660559,16PV0241,"14PV0371, 10PV1152",PRE0279,4,14,2010-2016 PB,,,,
PI,660559,18PV0728,,,4,9,2018 CABBI,,,,
PI,660562,16PV0230,"14PV0305, 10PV1018",PRE0299,4,14,2010-2016 PB,,,,
PI,660562,18PV0729,,,4,9,2018 CABBI,,,,
PI,660564,18PV0730,,,4,9,2018 CABBI,,,,
PI,660566,16PV0257,14PV0462,PRE0553,4,14,2010-2016 PB,,,,
PI,660566,18PV0731,,,4,9,2018 CABBI,,,,
PI,660580,18PV0733,,,4,9,2018 CABBI,,,,
PI,660585,18PV0735,,,4,9,2018 CABBI,,,,
PI,660592,18PV0740,,,4,9,2018 CABBI,,,,
PI,660593,18PV0741,,,4,9,2018 CABBI,,,,
PI,660595,18PV0742,,,4,9,2018 CABBI,,,,
PI,660596,18PV0745,,,4,9,2018 CABBI,,,,
PI,660600,18PV0744,,,4,9,2018 CABBI,,,,
PI,660601,16PV0285,"14PV0626, 10PV1240",PRE0348,4,14,2010-2016 PB,,,,
PI,660601,18PV0746,,,4,9,2018 CABBI,,,,
PI,660602,18PV0747,,,4,9,2018 CABBI,,,,
PI,660608,18PV0807,,,4,9,2018 CABBI,,,,
PI,660611,14PV0181,,PRE0467,4,14,2010-2016 PB,,,,
PI,660611,18PV0680,,,4,9,2018 CABBI,,,,
PI,660612,14PV0771,,,4,14,2010-2016 PB,,,,
PI,660612,18PV0678,,,4,9,2018 CABBI,,,,
PI,660614,14PV0061,,PRE0489,4,14,2010-2016 PB,,,,
PI,660614,18PV0703,,,4,9,2018 CABBI,,,,
PI,660615,16PV0326,15PV0140,PRE0473,4,14,2010-2016 PB,,,,
PI,660615,18PV0702,,,4,9,2018 CABBI,,,,
PI,660616,18PV0701,,,4,9,2018 CABBI,,,,
PI,660617,14PV0056,,PRE0498,4,14,2010-2016 PB,,,,
PI,660617,18PV0699,,,4,9,2018 CABBI,,,,
PI,660628,16PV0197,,"PRE1506, SB0586",4,14,2010-2016 PB,,,,
PI,660628,18PV0672,,,4,9,2018 CABBI,,,,
PI,660630,10P1248,,PRE1070,4,14,2010-2016 PB,,,,
PI,660631,10P1278,,PRE1074,4,14,2010-2016 PB,,,,
PI,660632,18PV0669,,,4,9,2018 CABBI,,,,
PI,660636,18PV0670,,,4,9,2018 CABBI,,,,
PI,660643,18PV0673,,,4,9,2018 CABBI,,,,
PI,660645,18PV0674,,,4,9,2018 CABBI,,,,
PI,665069,14PV0058,,,4,15,2010-2016 PB,,,,
PI,665069,18PV0675,,,4,10,2018 CABBI,,,,
PI,665071,16PV0260,14PV0497,PRE0244,4,15,2010-2016 PB,,,,
PI,665072,12PV2434,,,4,15,2010-2016 PB,,,,
PI,665073,18PV0679,,,4,10,2018 CABBI,,,,
PI,665074,18PV0681,,,4,10,2018 CABBI,,,,
PI,665075,16PV0239,14PV0364,PRE0545,4,15,2010-2016 PB,,,,
PI,665075,18PV0682,,,4,10,2018 CABBI,,,,
PI,665076,12PV2494,,,4,15,2010-2016 PB,,,,
PI,665076,18PV0683,,,4,10,2018 CABBI,,,,
PI,665077,12PV2208,,PRE0519,4,15,2010-2016 PB,,,,
PI,665077,18PV0685,,,4,10,2018 CABBI,,,,
PI,665079,18PV0712,,,4,10,2018 CABBI,,,,
PI,665080,18PV0632,,,4,10,2018 CABBI,,,,
PI,665081,12PV2234,,,4,15,2010-2016 PB,,,,
PI,665081,18PV0645,,,4,10,2018 CABBI,,,,
PI,665082,18PV0686,,,4,10,2018 CABBI,,,,
PI,665083,16PV0256,14PV0456,PRE0538,4,15,2010-2016 PB,,,,
PI,665084,18PV0688,,,4,10,2018 CABBI,,,,
PI,665085,18PV0813,,,4,10,2018 CABBI,,,,
PI,665088,18PV0689,,,4,10,2018 CABBI,,,,
PI,665089,16PV0205,,"PRE0281, SB2037",4,15,2010-2016 PB,,,,
PI,665090,18PV0691,,,4,10,2018 CABBI,,,,
PI,665091,12PV2369,,PRE0306,4,15,2010-2016 PB,,,,
PI,665092,16PV0242,"14PV0373, 12PV2200",PRE0308,4,15,2010-2016 PB,,,,
PI,665092,18PV0693,,,4,10,2018 CABBI,,,,
PI,665098,14PV0363,,PRE0330,4,15,2010-2016 PB,,,,
PI,665098,18PV0847,,,4,10,2018 CABBI,,,,
PI,665099,12PV2589,,,4,15,2010-2016 PB,,,,
PI,665099,18PV0697,,,4,10,2018 CABBI,,,,
PI,665103,18PV0700,,,4,10,2018 CABBI,,,,
PI,665104,18PV0704,,,4,10,2018 CABBI,,,,
PI,665106,18PV0706,,,4,10,2018 CABBI,,,,
PI,665107,18PV0707,,,4,10,2018 CABBI,,,,
PI,665108,12PV2333,,PRE0514,4,15,2010-2016 PB,,,,
PI,665108,18PV0708,,,4,10,2018 CABBI,,,,
PI,665110,18PV0710,,,4,10,2018 CABBI,,,,
PI,665112,18PV0848,,,4,10,2018 CABBI,,,,
PI,665114,16PV0276,"14PV0593, 12PV2430",PRE0422,4,15,2010-2016 PB,,,,
PI,665114,18PV0713,,,4,10,2018 CABBI,,,,
PI,665116,18PV0640,,,4,10,2018 CABBI,,,,
PI,665117,16PV0232,14PV0319,PRE0432,4,15,2010-2016 PB,,,,
PI,665117,18PV0633,,,4,10,2018 CABBI,,,,
PI,665124,12PV2171,,PRE0454,4,15,2010-2016 PB,,,,
PI,665126,18PV0649,,,4,10,2018 CABBI,,,,
PI,665127,18PV0607,,,4,10,2018 CABBI,,,,
PI,665133,16PV0240,14PV0365,PRE1089,4,15,2010-2016 PB,,,,
PI,665137,18PV0611,,,4,10,2018 CABBI,,,,
PI,665138,14PV0262,,PRE0475,4,15,2010-2016 PB,,,,
PI,665138,18PV0612,,,4,10,2018 CABBI,,,,
PI,665139,14PV0136,,PRE0589,4,15,2010-2016 PB,,,,
PI,665140,18PV0614,,,4,10,2018 CABBI,,,,
PI,665141,12PV2376,,PRE0482,4,15,2010-2016 PB,,,,
PI,665142,12PV2447,,PRE0483,4,15,2010-2016 PB,,,,
PI,665142,18PV0619,,,4,10,2018 CABBI,,,,
PI,665143,18PV0622,,,4,10,2018 CABBI,,,,
PI,665144,14PV0225,,PRE0501,4,15,2010-2016 PB,,,,
PI,665144,18PV0624,,,4,10,2018 CABBI,,,,
PI,665146,16PV0284,,,4,15,2010-2016 PB,,,,
PI,665147,12PV2332,,PRE0491,4,15,2010-2016 PB,,,,
PI,665148,12PV2539,,,4,15,2010-2016 PB,,,,
PI,665149,18PV0814,,,4,10,2018 CABBI,,,,
PI,665150,12PV2306,,PRE0307,4,15,2010-2016 PB,,,,
PI,665150,18PV0630,,,4,10,2018 CABBI,,,,
PI,665151,18PV0657,,,4,10,2018 CABBI,,,,
PI,665153,18PV0637,,,4,10,2018 CABBI,,,,
PI,665154,12PV2597,,,4,15,2010-2016 PB,,,,
PI,665154,18PV0651,,,4,10,2018 CABBI,,,,
PI,665155,12PV2513,,,4,15,2010-2016 PB,,,,
PI,665159,16PV0299,14PV0744,PRE1067,4,15,2010-2016 PB,,,,
PI,665159,18PV0662,,,4,10,2018 CABBI,,,,
PI,665160,12PV2223,,PRE1072,4,15,2010-2016 PB,,,,
PI,152736A,10P1149,,,4,2,2010-2016 PB,,,,
PI,152736A,18PV0395,,,4,2,2018 CABBI,,,,
PI,152736B,18PV0396,,,4,2,2018 CABBI,,,,
PI,330030A,18PV0535,,,4,4,2018 CABBI,,,,
PI,330030B,15PV0530,14PV0336B02,R_495B,4,6,2010-2016 PB,,,,
PI,330030B,18PV0536,,,4,4,2018 CABBI,,,,
PI,456401A,14PV0308,,ETS_4107,4,9,2010-2016 PB,,,,
PI,456401A,18PV0349,,,4,6,2018 CABBI,,,,
PI,456899B,14PV0241,,ETS_4390,4,9,2010-2016 PB,,,,
PI,456899B,18PV0363,,,4,6,2018 CABBI,,,,
PI,457183A,14PV0423A,,ETS_4548,4,9,2010-2016 PB,,,,
PI,457183A,18PV0251,,,4,6,2018 CABBI,,,,
PI,506030A,15PV0564,14PV0649,Tchinlouol,4,10,2010-2016 PB,,,,
PI,506030B,15PV1043,,SB3970,4,10,2010-2016 PB,,,,
PI,424948,18PV0840,,,4,7,2018 CABBI,,,,
PI,456392,18PV0357,,,4,6,2018 CABBI,,,,
PI,521032,18PV0062,,,4,7,2018 CABBI,,,,
PI,527676,18PV0093,,,4,8,2018 CABBI,,,,
PI,552851,18PV0094,,,4,8,2018 CABBI,,,,
PI,562715,18PV0809,,,4,8,2018 CABBI,,,,
PI,660613,18PV0684,,,4,9,2018 CABBI,,,,
PI,660640,18PV0671,,,4,9,2018 CABBI,,,,
NSL,50448,12PV2276,,PRE0256,3,1,2010-2016 PB,,,,
NSL,50464,18PV0584,,,3,1,2018 CABBI,,,,
NSL,50634,12PV2275,,PRE0297,3,1,2010-2016 PB,,,,
NSL,50717,14PV0121,,,3,1,2010-2016 PB,,,,
NSL,50937,14PV0193,,PRE0273,3,1,2010-2016 PB,,,,
NSL,51356,12PV2533,,,3,1,2010-2016 PB,,,,
NSL,51949,12PV2465,,PRE1116,3,1,2010-2016 PB,,,,
NSL,51961,16PV0215,14PV0172,PRE0345,3,1,2010-2016 PB,,,,
NSL,51963,16PV0296,"14PV0725, 12PV2338",PRE0347,3,1,2010-2016 PB,,,,
NSL,51969,12PV1155,,,3,1,2010-2016 PB,,,,
NSL,51969,18PV0606,,,3,1,2018 CABBI,,,,
NSL,52282,18PV0573,,,3,1,2018 CABBI,,,,
NSL,54111,18PV0576,,,3,1,2018 CABBI,,,,
NSL,54114,18PV0806,,,3,1,2018 CABBI,,,,
NSL,54141,12PV2490,,,3,1,2010-2016 PB,,,,
NSL,54141,16PV0307,"14PV0808, 12PV2490",PRE0369,3,1,2010-2016 PB,,,,
NSL,54141,18PV0570,,,3,1,2018 CABBI,,,,
NSL,54144,18PV0578,,,3,1,2018 CABBI,,,,
NSL,54175,14PV0367,,PRE0402,3,1,2010-2016 PB,,,,
NSL,54175,16PV0204,,PRE0402,3,1,2010-2016 PB,,,,
NSL,54221,12PV2188,,PRE0358,3,1,2010-2016 PB,,,,
NSL,54297,14PV0612,,PRE0418,3,1,2010-2016 PB,,,,
NSL,54577,16PV0335,15PV0561,PRE0428,3,1,2010-2016 PB,,,,
NSL,54591,18PV0636,,,3,1,2018 CABBI,,,,
NSL,54779,16PV0201,12PV2389,PRE0830,3,1,2010-2016 PB,,,,
NSL,55230,14PV0264,,PRE0466,3,1,2010-2016 PB,,,,
NSL,55350,14PV0275,,,3,1,2010-2016 PB,,,,
NSL,55523,18PV0575,,,3,1,2018 CABBI,,,,
NSL,55671,12PV2455,,PRE0919,3,1,2010-2016 PB,,,,
NSL,55704,14PV0206,,PRE0496,3,1,2010-2016 PB,,,,
NSL,67921,18PV0442,,,3,1,2018 CABBI,,,,
NSL,102183,14PV0668,,PRE1211,3,1,2010-2016 PB,,,,
NSL,102183,18PV0580,,,3,1,2018 CABBI,,,,
NSL,365694,18PV0836,,,3,1,2018 CABBI,,,,
PI,147828,16PV0258,14PV0486,PRE0003,3,2,2010-2016 PB,,,,
PI,147837,18PV0368,,,3,2,2018 CABBI,,,,
PI,147838,16PV0304,14PV0789,PRE0007,3,2,2010-2016 PB,,,,
PI,147922,12PV2407,,,3,2,2010-2016 PB,,,,
PI,147937,12PV2485,,,3,2,2010-2016 PB,,,,
PI,147939,16PV0253,14PV0447,PRE0020,3,2,2010-2016 PB,,,,
PI,148083,14PV0396,,PRE0022,3,2,2010-2016 PB,,,,
PI,148086,18PV0377,,,3,2,2018 CABBI,,,,
PI,148101,14PV0439,,PRE0033,3,2,2010-2016 PB,,,,
PI,148108,14PV0185,,PRE0038,3,2,2010-2016 PB,,,,
PI,149831,14PV0764,,PRE0042,3,2,2010-2016 PB,,,,
PI,152591,14PV0199,,PRE0048,3,2,2010-2016 PB,,,,
PI,152593,18PV0387,,,3,2,2018 CABBI,,,,
PI,152594,18PV0388,,,3,2,2018 CABBI,,,,
PI,152611,14PV0070,,PRE0051,3,2,2010-2016 PB,,,,
PI,152654,12PV2260,,PRE0054,3,2,2010-2016 PB,,,,
PI,152654,18PV0391,,,3,2,2018 CABBI,,,,
PI,152727,14PV0205,,PRE0061,3,2,2010-2016 PB,,,,
PI,152733,15PV0842,,SB3769,3,2,2010-2016 PB,,,,
PI,152748,18PV0397,,,3,2,2018 CABBI,,,,
PI,152856,14PV0139,,PRE0951,3,2,2010-2016 PB,,,,
PI,153824,12PV1237,,,3,2,2010-2016 PB,,,,
PI,153824,14PV0320,,PRE0069,3,2,2010-2016 PB,,,,
PI,153844,12PV2497,,,3,2,2010-2016 PB,,,,
PI,153859,14PV0747,,,3,2,2010-2016 PB,,,,
PI,153860,14PV0337,,PRE0080,3,2,2010-2016 PB,,,,
PI,156034,14PV0495,,PRE0090,3,2,2010-2016 PB,,,,
PI,156248,16PV0371,15PV0856,MN_2136,3,2,2010-2016 PB,,,,
PI,156248,18PV0411,,,3,2,2018 CABBI,,,,
PI,221624,16PV0254,14PV0450,PRE0097,3,3,2010-2016 PB,,,,
PI,221624,18PV0835,,,3,2,2018 CABBI,,,,
PI,221625,15PV0502,12PV2231,PRE0098,3,3,2010-2016 PB,,,,
PI,221651,12PV2543,,,3,3,2010-2016 PB,,,,
PI,221657,16PV0331,15PV0501,PRE0100,3,3,2010-2016 PB,,,,
PI,221662,18PV0831,,,3,2,2018 CABBI,,,,
PI,266061,16PV0372,15PV0871,6911,3,3,2010-2016 PB,,,,
PI,267542,12PV2498,,,3,3,2010-2016 PB,,,,
PI,267629,18PV0820,,,3,2,2018 CABBI,,,,
PI,267633,15PV0876,,SB3803,3,3,2010-2016 PB,,,,
PI,267643,12PV2499,,,3,3,2010-2016 PB,,,,
PI,271236,15PV0577,14PV0741,NO1632,3,3,2010-2016 PB,,,,
PI,273465,15PV0878,,SB3805,3,3,2010-2016 PB,,,,
PI,276770,10P1216,,PRE0124,3,3,2010-2016 PB,,,,
PI,276772,16PV0318,"15PV0042, 12PV2431",PRE0126,3,3,2010-2016 PB,,,,
PI,276784,18PV0757,,,3,2,2018 CABBI,,,,
PI,276787,16PV0332,"15PV0536, 14PV0386",PRE0136,3,3,2010-2016 PB,,,,
PI,276790,14PV0284,,PRE0139,3,3,2010-2016 PB,,,,
PI,276801,16PV0323,"15PV0069, 14PV0437",PRE0146,3,3,2010-2016 PB,,,,
PI,276801,16PV0353,14PV0437,PRE0146,3,3,2010-2016 PB,,,,
PI,276801,16PV0358,14PV0437,PRE0146,3,3,2010-2016 PB,,,,
PI,276801,16PV0369,14PV0437,PRE0146,3,3,2010-2016 PB,,,,
PI,276829,14PV0478,,PRE0166,3,3,2010-2016 PB,,,,
PI,276844,18PV0795,,,3,3,2018 CABBI,,,,
PI,276856,18PV0782,,,3,3,2018 CABBI,,,,
PI,282857,18PV0786,,,3,3,2018 CABBI,,,,
PI,282861,14PV0601,,Siam_Beirado,3,3,2010-2016 PB,,,,
PI,282862,16PV0374,15PV0882,Kade_Balia,3,3,2010-2016 PB,,,,
PI,282868,18PV0792,,,3,3,2018 CABBI,,,,
PI,282871,18PV0793,,,3,3,2018 CABBI,,,,
PI,285039,16PV0226,"14PV0277, 12PV2270",PRE0185,3,3,2010-2016 PB,,,,
PI,285043,12PV2295,,,3,3,2010-2016 PB,,,,
PI,291231,12PV2492,,,3,3,2010-2016 PB,,,,
PI,297117,14PV0312,,PRE0970,3,3,2010-2016 PB,,,,
PI,318910,18PV0448,,,3,3,2018 CABBI,,,,
PI,329278,18PV0450,,,3,3,2018 CABBI,,,,
PI,329301,15PV0891,,SB3818,3,4,2010-2016 PB,,,,
PI,329319,16PV0379,15PV0893,IS_11077,3,4,2010-2016 PB,,,,
PI,329327,18PV0460,,,3,3,2018 CABBI,,,,
PI,329362,18PV0464,,,3,3,2018 CABBI,,,,
PI,329444,15PV0909,,SB3836,3,4,2010-2016 PB,,,,
PI,329471,18PV0476,,,3,3,2018 CABBI,,,,
PI,329482,14PV0721,,,3,4,2010-2016 PB,,,,
PI,329482,18PV0479,,,3,3,2018 CABBI,,,,
PI,329493,18PV0480,,,3,3,2018 CABBI,,,,
PI,329501,18PV0481,,,3,3,2018 CABBI,,,,
PI,329513,14PV0406,,IS_11267,3,5,2010-2016 PB,,,,
PI,329521,16PV0308,14PV0811,IS_11273,3,4,2010-2016 PB,,,,
PI,329524,16PV0300,14PV0745,IS_11276,3,4,2010-2016 PB,,,,
PI,329525,14PV0412,,IS_11277,3,4,2010-2016 PB,,,,
PI,329543,14PV0736,,IS_11295,3,4,2010-2016 PB,,,,
PI,329552,15PV0583,14PV0793,IS_11303,3,4,2010-2016 PB,,,,
PI,329554,18PV0492,,,3,3,2018 CABBI,,,,
PI,329569,14PV0700,,IS_11320,3,4,2010-2016 PB,,,,
PI,329583,15PV0929,,SB3856,3,4,2010-2016 PB,,,,
PI,329585,14PV0287,,IS_11336,3,4,2010-2016 PB,,,,
PI,329613,14PV0667,,IS_11358,3,5,2010-2016 PB,,,,
PI,329614,18PV0503,,,3,3,2018 CABBI,,,,
PI,329615,18PV0504,,,3,3,2018 CABBI,,,,
PI,329633,18PV0507,,,3,4,2018 CABBI,,,,
PI,329645,15PV0938,,SB3865,3,5,2010-2016 PB,,,,
PI,329646,14PV0738,,,3,5,2010-2016 PB,,,,
PI,329662,18PV0512,,,3,4,2018 CABBI,,,,
PI,329679,14PV0749,,IS_11419,3,5,2010-2016 PB,,,,
PI,329698,14PV0195,,R_42,3,5,2010-2016 PB,,,,
PI,329707,15PV0670,,PRE1014,3,5,2010-2016 PB,,,,
PI,329707,18PV0516,,,3,4,2018 CABBI,,,,
PI,329720,15PV0946,,SB3873,3,5,2010-2016 PB,,,,
PI,329787,18PV0522,,,3,4,2018 CABBI,,,,
PI,329789,14PV0133,,,3,5,2010-2016 PB,,,,
PI,329813,18PV0523,,,3,4,2018 CABBI,,,,
PI,329837,15PV0947,,SB3874,3,5,2010-2016 PB,,,,
PI,329843,15PV0949,,SB3876,3,5,2010-2016 PB,,,,
PI,329843,18PV0525,,,3,4,2018 CABBI,,,,
PI,329845,14PV0644,,,3,5,2010-2016 PB,,,,
PI,329890,14PV0703,,Mashila8,3,5,2010-2016 PB,,,,
PI,329905,18PV0528,,,3,4,2018 CABBI,,,,
PI,329915,15PV0532,14PV0360,PRE1025,3,5,2010-2016 PB,,,,
PI,329965,15PV0954,,SB3881,3,5,2010-2016 PB,,,,
PI,329965,18PV0531,,,3,4,2018 CABBI,,,,
PI,330023,18PV0534,,,3,4,2018 CABBI,,,,
PI,330049,18PV0537,,,3,4,2018 CABBI,,,,
PI,330095,18PV0539,,,3,4,2018 CABBI,,,,
PI,330112,15PV0959_2,,,3,6,2010-2016 PB,,,,
PI,330125,18PV0541,,,3,4,2018 CABBI,,,,
PI,330165,18PV0542,,,3,4,2018 CABBI,,,,
PI,330172,15PV0964_2,,,3,6,2010-2016 PB,,,,
PI,330184,18PV0544,,,3,4,2018 CABBI,,,,
PI,330214,15PV0973_2,,,3,6,2010-2016 PB,,,,
PI,330833,18PV0551,,,3,4,2018 CABBI,,,,
PI,330843,18PV0552,,,3,4,2018 CABBI,,,,
PI,330886,18PV0554,,,3,4,2018 CABBI,,,,
PI,330887,12PV2339,,,3,6,2010-2016 PB,,,,
PI,330887,14PV0713,,,3,6,2010-2016 PB,,,,
PI,452519,18PV0188,,,3,4,2018 CABBI,,,,
PI,452577,18PV0352,,,3,4,2018 CABBI,,,,
PI,452656,14PV0783,,E_65,3,7,2010-2016 PB,,,,
PI,452656,18PV0326,,,3,4,2018 CABBI,,,,
PI,452669,15PV0650,,SB2943,3,7,2010-2016 PB,,,,
PI,452669,18PV0332,,,3,4,2018 CABBI,,,,
PI,452753,18PV0226,,,3,4,2018 CABBI,,,,
PI,452789,14PV0347,,ETS_2121,3,7,2010-2016 PB,,,,
PI,452807,14PV0210,,ETS_2322,3,7,2010-2016 PB,,,,
PI,452808,15PV0678,,SB3080,3,7,2010-2016 PB,,,,
PI,452906,15PV0694,,SB3177,3,7,2010-2016 PB,,,,
PI,452927,15PV0699,,SB3198,3,7,2010-2016 PB,,,,
PI,452940,18PV0318,,,3,5,2018 CABBI,,,,
PI,452995,18PV0241,,,3,5,2018 CABBI,,,,
PI,453014,18PV0243,,,3,5,2018 CABBI,,,,
PI,453035,18PV0270,,,3,5,2018 CABBI,,,,
PI,453109,15PV0745,,SB3377,3,8,2010-2016 PB,,,,
PI,453110,15PV0746,,SB3378,3,8,2010-2016 PB,,,,
PI,453118,16PV0354,15PV0749B01,,3,8,2010-2016 PB,,,,
PI,453121,15PV0751_2,,,3,8,2010-2016 PB,,,,
PI,453136,16PV0356,15PV0756B01,,3,8,2010-2016 PB,,,,
PI,453157,18PV0217,,,3,5,2018 CABBI,,,,
PI,453179,16PV0359,15PV0768B01,,3,8,2010-2016 PB,,,,
PI,453233,15PV0781,,,3,8,2010-2016 PB,,,,
PI,453234,15PV0782_2,,,3,8,2010-2016 PB,,,,
PI,453234,18PV0292,,,3,5,2018 CABBI,,,,
PI,453236,18PV0293,,,3,5,2018 CABBI,,,,
PI,453246,18PV0298,,,3,5,2018 CABBI,,,,
PI,453312,15PV0806_2,,,3,8,2010-2016 PB,,,,
PI,453312,15PV0806_3,,,3,8,2010-2016 PB,,,,
PI,453329,18PV0308,,,3,5,2018 CABBI,,,,
PI,453341,18PV0810,,,3,5,2018 CABBI,,,,
PI,453346,18PV0248,,,3,5,2018 CABBI,,,,
PI,453363,18PV0261,,,3,5,2018 CABBI,,,,
PI,453365,18PV0265,,,3,5,2018 CABBI,,,,
PI,453392,18PV0224,,,3,5,2018 CABBI,,,,
PI,453463,18PV0197,,,3,5,2018 CABBI,,,,
PI,453882,14PV0388,,,3,9,2010-2016 PB,,,,
PI,454494,18PV0340,,,3,6,2018 CABBI,,,,
PI,454674,14PV0804,,,3,9,2010-2016 PB,,,,
PI,455403,18PV0347,,,3,6,2018 CABBI,,,,
PI,455852,18PV0344,,,3,6,2018 CABBI,,,,
PI,456431,14PV6431,,ETS_4124,3,9,2010-2016 PB,,,,
PI,457822,14PV0254,,ETS_4893,3,9,2010-2016 PB,,,,
PI,462095,18PV0258,,,3,6,2018 CABBI,,,,
PI,496311,18PV0196,,,3,6,2018 CABBI,,,,
PI,505717,14PV0709,,ZMA_5290,3,10,2010-2016 PB,,,,
PI,508366,18PV0015,,,3,6,2018 CABBI,,,,
PI,513912,14PV0552,,Sg_3981,3,10,2010-2016 PB,,,,
PI,514165,15PV1055,,SB3982,3,10,2010-2016 PB,,,,
PI,514254,15PV1059,,SB3986,3,10,2010-2016 PB,,,,
PI,514465,16PV0391,15PV1065,Kinto,3,10,2010-2016 PB,,,,
PI,520857,14PV0824,,Sabina,3,10,2010-2016 PB,,,,
PI,520857,18PV0051,,,3,6,2018 CABBI,,,,
PI,521043,18PV0064,,,3,7,2018 CABBI,,,,
PI,521057,18PV0066,,,3,7,2018 CABBI,,,,
PI,521088,18PV0071,,,3,7,2018 CABBI,,,,
PI,521155,18PV0077,,,3,7,2018 CABBI,,,,
PI,521181,18PV0081,,,3,7,2018 CABBI,,,,
PI,522129,12PV2440,,PRE1439,3,11,2010-2016 PB,,,,
PI,525049,16PV0202,12PV2393,PRE1442,3,11,2010-2016 PB,,,,
PI,525059,14PV0340,,PRE1451,3,11,2010-2016 PB,,,,
PI,525625,14PV0288,,Gadiaba_Blema,3,11,2010-2016 PB,,,,
PI,525630,18PV0104,,,3,7,2018 CABBI,,,,
PI,525653,14PV0492,,Nieniko_Dagafara,3,11,2010-2016 PB,,,,
PI,525665,16PV0278,14PV0599,Demba_Ile1,3,11,2010-2016 PB,,,,
PI,525669,14PV0555,,Gadiaba2,3,11,2010-2016 PB,,,,
PI,525815,18PV0120,,,3,7,2018 CABBI,,,,
PI,525822,18PV0129,,,3,7,2018 CABBI,,,,
PI,525827,18PV0128,,,3,7,2018 CABBI,,,,
PI,525842,15PV0520,14PV0251,Nieniefi2,3,12,2010-2016 PB,,,,
PI,525871,18PV0123,,,3,7,2018 CABBI,,,,
PI,525875,18PV0121,,,3,7,2018 CABBI,,,,
PI,525876,14PV0645,,Sakoika1,3,12,2010-2016 PB,,,,
PI,525896,15PV0563,14PV0639,Nionifi2,3,12,2010-2016 PB,,,,
PI,525896,18PV0131,,,3,7,2018 CABBI,,,,
PI,525897,15PV1126,,SB4053,3,12,2010-2016 PB,,,,
PI,526015,18PV0039,,,3,7,2018 CABBI,,,,
PI,526045,14PV0235,,Soumaninke,3,12,2010-2016 PB,,,,
PI,526045,18PV0034,,,3,7,2018 CABBI,,,,
PI,526053,18PV0027,,,3,7,2018 CABBI,,,,
PI,526078,18PV0026,,,3,7,2018 CABBI,,,,
PI,526080,15PV1131,,SB4058,3,12,2010-2016 PB,,,,
PI,526080,18PV0087,,,3,7,2018 CABBI,,,,
PI,526101,18PV0090,,,3,8,2018 CABBI,,,,
PI,526108,14PV0784,,Kenike,3,12,2010-2016 PB,,,,
PI,562732,14PV0792,,LGV_88_1_DWARF,3,12,2010-2016 PB,,,,
PI,562963,12PV2309,,PRE0342,3,12,2010-2016 PB,,,,
PI,562963,18PV0432,,,3,8,2018 CABBI,,,,
PI,562968,18PV0436,,,3,8,2018 CABBI,,,,
PI,562991,18PV0654,,,3,8,2018 CABBI,,,,
PI,563021,18PV0646,,,3,8,2018 CABBI,,,,
PI,563186,18PV0420,,,3,8,2018 CABBI,,,,
PI,563222,15PV1160,,SB4087,3,12,2010-2016 PB,,,,
PI,563338,18PV0427,,,3,8,2018 CABBI,,,,
PI,563353,15PV1168,,SB4095,3,12,2010-2016 PB,,,,
PI,568676,14PV0141,,MRV_22,3,12,2010-2016 PB,,,,
PI,569264,18PV0138,,,3,8,2018 CABBI,,,,
PI,569452,18PV0143,,,3,8,2018 CABBI,,,,
PI,570074,18PV0151,,,3,8,2018 CABBI,,,,
PI,570106,18PV0155,,,3,8,2018 CABBI,,,,
PI,570708,12PV2317,,PRE1111,3,13,2010-2016 PB,,,,
PI,570813,12PV2271,,,3,13,2010-2016 PB,,,,
PI,570813,18PV0164,,,3,8,2018 CABBI,,,,
PI,585561,14PV0203,,,3,13,2010-2016 PB,,,,
PI,585951,15PV1239,,SB4166,3,13,2010-2016 PB,,,,
PI,585961,18PV0186,,,3,9,2018 CABBI,,,,
PI,586792,18PV0187,,,3,9,2018 CABBI,,,,
PI,591377,18PV0845,,,3,9,2018 CABBI,,,,
PI,647733,12PV2367,,PRE0242,3,14,2010-2016 PB,,,,
PI,647743,18PV0719,,,3,9,2018 CABBI,,,,
PI,651141,18PV0801,,,3,9,2018 CABBI,,,,
PI,651167,12PV2364,,PRE0271,3,14,2010-2016 PB,,,,
PI,651168,18PV0721,,,3,9,2018 CABBI,,,,
PI,651187,16PV0206,12PV2527,PRE0490,3,14,2010-2016 PB,,,,
PI,660564,16PV0312,"14PV0832, 10PV1014",PRE0301,3,14,2010-2016 PB,,,,
PI,660571,18PV0732,,,3,9,2018 CABBI,,,,
PI,660608,16PV0233,14PV0326,PRE0326,3,14,2010-2016 PB,,,,
PI,660618,10P1197,,,3,14,2010-2016 PB,,,,
PI,660630,16PV0217,14PV0179,PRE1070,3,14,2010-2016 PB,,,,
PI,660643,10P1247,,PRE1329,3,14,2010-2016 PB,,,,
PI,665072,18PV0677,,,3,10,2018 CABBI,,,,
PI,665073,12PV2331,,,3,15,2010-2016 PB,,,,
PI,665074,16PV0237,"14PV0348, 12PV2553",PRE0278,3,15,2010-2016 PB,,,,
PI,665082,12PV2300,,,3,15,2010-2016 PB,,,,
PI,665104,12PV2441,,PRE0354,3,15,2010-2016 PB,,,,
PI,665105,18PV0705,,,3,10,2018 CABBI,,,,
PI,665106,12PV2476,,,3,15,2010-2016 PB,,,,
PI,665107,16PV0303,"14PV0772, 12PV2368",PRE0252,3,15,2010-2016 PB,,,,
PI,665109,12PV2204,,PRE0516,3,15,2010-2016 PB,,,,
PI,665109,14PV0681,,PRE0516,3,15,2010-2016 PB,,,,
PI,665111,16PV0235,"14PV0331, 12PV2301",PRE0407,3,15,2010-2016 PB,,,,
PI,665112,16PV0290,14PV0653,PRE1222,3,15,2010-2016 PB,,,,
PI,665116,16PV0325,15PV0138,PRE0459,3,15,2010-2016 PB,,,,
PI,665118,14PV0311,,PRE0451,3,15,2010-2016 PB,,,,
PI,665118,18PV0642,,,3,10,2018 CABBI,,,,
PI,665125,18PV0644,,,3,10,2018 CABBI,,,,
PI,665129,18PV0608,,,3,10,2018 CABBI,,,,
PI,665133,18PV0610,,,3,10,2018 CABBI,,,,
PI,665145,18PV0626,,,3,10,2018 CABBI,,,,
PI,665147,14PV0242,,PRE0491,3,15,2010-2016 PB,,,,
PI,665149,12PV2216,,PRE0508,3,15,2010-2016 PB,,,,
PI,665156,12PV2170,,PRE0254,3,15,2010-2016 PB,,,,
PI,276853A,16PV0305,"14PV0790, 12PV2335",PRE0181A,3,3,2010-2016 PB,,,,
PI,276853B,14PV0394,,PRE0181_NEW,3,3,2010-2016 PB,,,,
PI,330030A,14PV0336,,R_495,3,6,2010-2016 PB,,,,
PI,457183B,15PV0541,14PV0423B02,ETS_4548B,3,9,2010-2016 PB,,,,
PI,457183B,18PV0252,,,3,6,2018 CABBI,,,,
PI,276789,18PV0753,,,3,2,2018 CABBI,,,,
PI,506013,18PV0009,,,3,6,2018 CABBI,,,,
PI,514165,18PV0019,,,3,6,2018 CABBI,,,,
NSL,50449,18PV0583,,,2,1,2018 CABBI,,,,
NSL,50464,14PV0797,,,2,1,2010-2016 PB,,,,
NSL,50614,12PV2489,,,2,1,2010-2016 PB,,,,
NSL,50614,16PV0310,,,2,1,2010-2016 PB,,,,
NSL,50649,18PV0591,,,2,1,2018 CABBI,,,,
NSL,51963,18PV0605,,,2,1,2018 CABBI,,,,
NSL,51981,16PV0234,"14PV0328, 12PV2375",PRE0356,2,1,2010-2016 PB,,,,
NSL,52282,16PV0248,"14PV0409, 12PV2214",PRE0253,2,1,2010-2016 PB,,,,
NSL,54111,15PV0540,,,2,1,2010-2016 PB,,,,
NSL,54144,14PV0006,,PRE0371,2,1,2010-2016 PB,,,,
NSL,54221,16PV0297,"14PV0727, 12PV2188",PRE0358,2,1,2010-2016 PB,,,,
NSL,54222,14PV0615,,PRE0394,2,1,2010-2016 PB,,,,
NSL,54222,16PV0283,"14PV0615, 12PV2248",PRE0394,2,1,2010-2016 PB,,,,
NSL,54236,12PV2568,,,2,1,2010-2016 PB,,,,
NSL,54236,16PV0224,,PRE0408,2,1,2010-2016 PB,,,,
NSL,54297,18PV0639,,,2,1,2018 CABBI,,,,
NSL,54892,12PV2382,,,2,1,2010-2016 PB,,,,
NSL,55350,18PV0574,,,2,1,2018 CABBI,,,,
NSL,55704,18PV0447,,,2,1,2018 CABBI,,,,
NSL,55731,18PV0445,,,2,1,2018 CABBI,,,,
NSL,67921,14PV0227,,,2,1,2010-2016 PB,,,,
NSL,55345B,18PV0567,,,2,1,2018 CABBI,,,,
PI,147933,12PV1181,,,2,2,2010-2016 PB,,,,
PI,147933,14PV0209,,PRE0016,2,2,2010-2016 PB,,,,
PI,148084,16PV0313,14PV0646,PRE0023,2,2,2010-2016 PB,,,,
PI,148093,14PV0368,,PRE0029,2,2,2010-2016 PB,,,,
PI,152593,15PV0553,,PRE0311,2,2,2010-2016 PB,,,,
PI,152705,14PV0475,,PRE0058,2,2,2010-2016 PB,,,,
PI,152748,14PV0246,,PRE0066,2,2,2010-2016 PB,,,,
PI,155329,16PV0209,12PV2583,PRE0087,2,2,2010-2016 PB,,,,
PI,156143,18PV0804,,,2,2,2018 CABBI,,,,
PI,156248,15PV0856,,SB3783,2,2,2010-2016 PB,,,,
PI,156326,18PV0413,,,2,2,2018 CABBI,,,,
PI,156489,18PV0416,,,2,2,2018 CABBI,,,,
PI,221651,18PV0833,,,2,2,2018 CABBI,,,,
PI,248318,14PV0194,,PRE0200,2,3,2010-2016 PB,,,,
PI,266061,15PV0871,,SB3798,2,3,2010-2016 PB,,,,
PI,267364,14PV0129,,IS_2678,2,3,2010-2016 PB,,,,
PI,267364,15PV0509,14PV0129,IS_2678,2,3,2010-2016 PB,,,,
PI,267542,14PV0685,,PRE0568,2,3,2010-2016 PB,,,,
PI,267592,15PV0875,,SB3802,2,3,2010-2016 PB,,,,
PI,267592,16PV0373,15PV0875,CULLUBI,2,3,2010-2016 PB,,,,
PI,267629,14PV0690,,IS_3042,2,3,2010-2016 PB,,,,
PI,267650,16PV0301,"14PV0752, 10PV1189",PRE0333,2,3,2010-2016 PB,,,,
PI,271233,15PV0877,,SB3804,2,3,2010-2016 PB,,,,
PI,276770,18PV0762,,,2,2,2018 CABBI,,,,
PI,276773,12PV1265,,,2,3,2010-2016 PB,,,,
PI,276773,14PV0523,,PRE0127,2,3,2010-2016 PB,,,,
PI,276785,18PV0756,,,2,2,2018 CABBI,,,,
PI,276823,18PV0766,,,2,3,2018 CABBI,,,,
PI,276844,15PV0881,,SB3808,2,3,2010-2016 PB,,,,
PI,282857,16PV0336,"15PV0562, 12PV2566",PRE0285,2,3,2010-2016 PB,,,,
PI,282861,15PV0557,14PV0601,Siam_Beirado,2,3,2010-2016 PB,,,,
PI,282862,15PV0882,,SB3809,2,3,2010-2016 PB,,,,
PI,282871,15PV0883,,SB3810,2,3,2010-2016 PB,,,,
PI,285041,12PV2291,,PRE0186,2,3,2010-2016 PB,,,,
PI,291081,15PV0884,,SB3811,2,3,2010-2016 PB,,,,
PI,291081,16PV0376,15PV0884,IS_13554,2,3,2010-2016 PB,,,,
PI,291089,14PV0009,,No944,2,3,2010-2016 PB,,,,
PI,291239,14PV0342,,PRE0214,2,3,2010-2016 PB,,,,
PI,291239,18PV0778,,,2,3,2018 CABBI,,,,
PI,318910,15PV0886,,SB3813,2,4,2010-2016 PB,,,,
PI,329256,18PV0449,,,2,3,2018 CABBI,,,,
PI,329278,14PV0722,,,2,4,2010-2016 PB,,,,
PI,329300,16PV0890,,SB3817,2,4,2010-2016 PB,,,,
PI,329310,15PV0892,,SB3819,2,4,2010-2016 PB,,,,
PI,329319,15PV0893,,SB3820,2,4,2010-2016 PB,,,,
PI,329326,18PV0459,,,2,3,2018 CABBI,,,,
PI,329351,15PV0897,,SB3824,2,4,2010-2016 PB,,,,
PI,329351,16PV0380,15PV0897,IS_11108,2,4,2010-2016 PB,,,,
PI,329367,15PV0899,,SB3826,2,4,2010-2016 PB,,,,
PI,329374,18PV0467,,,2,3,2018 CABBI,,,,
PI,329383,14PV0679,,,2,4,2010-2016 PB,,,,
PI,329543,18PV0494,,,2,3,2018 CABBI,,,,
PI,329549,14PV0543,,IS_11300,2,4,2010-2016 PB,,,,
PI,329552,18PV0498,,,2,3,2018 CABBI,,,,
PI,329570,18PV0499,,,2,3,2018 CABBI,,,,
PI,329585,18PV0500,,,2,3,2018 CABBI,,,,
PI,329617,18PV0505,,,2,4,2018 CABBI,,,,
PI,329656,14PV0502,,Tukureta,2,5,2010-2016 PB,,,,
PI,329720,18PV0519,,,2,4,2018 CABBI,,,,
PI,329845,18PV0526,,,2,4,2018 CABBI,,,,
PI,329905,14PV0751,,,2,5,2010-2016 PB,,,,
PI,329998,14PV0759,,IS_11720,2,5,2010-2016 PB,,,,
PI,330019,18PV0533,,,2,4,2018 CABBI,,,,
PI,330023,15PV0955,,SB3882,2,6,2010-2016 PB,,,,
PI,330125,14PV0509,,IS_11845,2,6,2010-2016 PB,,,,
PI,330796,15PV0976_2,,,2,6,2010-2016 PB,,,,
PI,330800,14PV0243,,,2,6,2010-2016 PB,,,,
PI,330886,14PV0253,,,2,6,2010-2016 PB,,,,
PI,330894,14PV0075,,,2,6,2010-2016 PB,,,,
PI,452628,18PV0343,,,2,4,2018 CABBI,,,,
PI,452714,14PV0656,,ETS_2119,2,7,2010-2016 PB,,,,
PI,452890,15PV0692,,SB3161,2,7,2010-2016 PB,,,,
PI,452931,18PV0317,,,2,5,2018 CABBI,,,,
PI,452984,16PV0347,15PV0714,,2,7,2010-2016 PB,,,,
PI,452994,18PV0239,,,2,5,2018 CABBI,,,,
PI,453035,15PV0728,,SB3305,2,8,2010-2016 PB,,,,
PI,453056,16PV0351,15PV0732,,2,8,2010-2016 PB,,,,
PI,453109,18PV0279,,,2,5,2018 CABBI,,,,
PI,453121,15PV0751_1,,SB3389,2,8,2010-2016 PB,,,,
PI,453121,18PV0220,,,2,5,2018 CABBI,,,,
PI,453123,15PV0752,,SB3391,2,8,2010-2016 PB,,,,
PI,453145,18PV0799,,,2,5,2018 CABBI,,,,
PI,453215,18PV0285,,,2,5,2018 CABBI,,,,
PI,453216,18PV0286,,,2,5,2018 CABBI,,,,
PI,453236,15PV0784,,SB3503,2,8,2010-2016 PB,,,,
PI,453290,18PV0303,,,2,5,2018 CABBI,,,,
PI,453328,18PV0307,,,2,5,2018 CABBI,,,,
PI,453433,18PV0218,,,2,5,2018 CABBI,,,,
PI,453464,18PV0198,,,2,5,2018 CABBI,,,,
PI,453690,14PV0146,,ETS_2610,2,9,2010-2016 PB,,,,
PI,453852,18PV0204,,,2,5,2018 CABBI,,,,
PI,454019,18PV0208,,,2,5,2018 CABBI,,,,
PI,454078,14PV0794,,ETS_2814,2,9,2010-2016 PB,,,,
PI,455257,18PV0346,,,2,6,2018 CABBI,,,,
PI,457135,14PV0671,,ETS_4523,2,9,2010-2016 PB,,,,
PI,457455,14PV0699,,ETS_4681_A,2,9,2010-2016 PB,,,,
PI,457455,18PV0254,,,2,6,2018 CABBI,,,,
PI,462095,14PV0788,,No242,2,9,2010-2016 PB,,,,
PI,505717,18PV0002,,,2,6,2018 CABBI,,,,
PI,505737,14PV0787,,ZMA_5356,2,10,2010-2016 PB,,,,
PI,513901,18PV0021,,,2,6,2018 CABBI,,,,
PI,514220,18PV0017,,,2,6,2018 CABBI,,,,
PI,514254,18PV0042,,,2,6,2018 CABBI,,,,
PI,514427,18PV0048,,,2,6,2018 CABBI,,,,
PI,521153,18PV0076,,,2,7,2018 CABBI,,,,
PI,524456,14PV0498,,Loroti,2,11,2010-2016 PB,,,,
PI,525049,18PV0102,,,2,7,2018 CABBI,,,,
PI,525059,15PV0531,14PV0340,PRE1451,2,11,2010-2016 PB,,,,
PI,525651,14PV0231,,Gadiaba1,2,11,2010-2016 PB,,,,
PI,525667,14PV0339,,Demba_Ile2,2,11,2010-2016 PB,,,,
PI,525669,15PV0550,14PV0555,Gadiaba2,2,11,2010-2016 PB,,,,
PI,525677,18PV0113,,,2,7,2018 CABBI,,,,
PI,525871,14PV0608,,Seguetena1,2,12,2010-2016 PB,,,,
PI,525876,18PV0122,,,2,7,2018 CABBI,,,,
PI,525919,18PV133,,,2,7,2018 CABBI,,,,
PI,526078,14PV0202,,Eme__Na,2,12,2010-2016 PB,,,,
PI,526080,16PV0393,15PV1131,Eme_Titie,2,12,2010-2016 PB,,,,
PI,550031,15PV1198,,SB4125,2,13,2010-2016 PB,,,,
PI,553350,15PV1166,,SB4093,2,12,2010-2016 PB,,,,
PI,563006,12PV2341,,PRE0526,2,12,2010-2016 PB,,,,
PI,563006,14PV0223,,PRE0526,2,12,2010-2016 PB,,,,
PI,563006,18PV0652,,,2,8,2018 CABBI,,,,
PI,563329,18PV0429,,,2,8,2018 CABBI,,,,
PI,563338,15PV1164,,SB4091,2,12,2010-2016 PB,,,,
PI,563350,16PV0395,15PV1166,IS_10168,2,12,2010-2016 PB,,,,
PI,563509,18PV0422,,,2,8,2018 CABBI,,,,
PI,569445,18PV0142,,,2,8,2018 CABBI,,,,
PI,569457,18PV0144,,,2,8,2018 CABBI,,,,
PI,569460,18PV0146,,,2,8,2018 CABBI,,,,
PI,570071,18PV0150,,,2,8,2018 CABBI,,,,
PI,570090,18PV0154,,,2,8,2018 CABBI,,,,
PI,570254,15PV1218,,SB4145,2,13,2010-2016 PB,,,,
PI,570393,15PV1222,,SB4149,2,13,2010-2016 PB,,,,
PI,570916,14PV0565,,,2,13,2010-2016 PB,,,,
PI,570928,18PV0166,,,2,8,2018 CABBI,,,,
PI,571001,18PV0183,,,2,8,2018 CABBI,,,,
PI,585549,14PV0754,,IS_25325,2,13,2010-2016 PB,,,,
PI,647732,14PV0143,,PRE0242,2,14,2010-2016 PB,,,,
PI,647733,18PV0718,,,2,9,2018 CABBI,,,,
PI,64774_,12PV2387,,PRE0417,2,14,2010-2016 PB,,,,
PI,651102,18PV0800,,,2,9,2018 CABBI,,,,
PI,660564,14PV0832,,PRE0301,2,14,2010-2016 PB,,,,
PI,660580,14PV0503,,PRE0322,2,14,2010-2016 PB,,,,
PI,660588,14PV0551,,PRE0564,2,14,2010-2016 PB,,,,
PI,660588,18PV0738,,,2,9,2018 CABBI,,,,
PI,660590,14PV0539,,PRE0566,2,14,2010-2016 PB,,,,
PI,660599,18PV0748,,,2,9,2018 CABBI,,,,
PI,660605,14PV0147,,PRE0572,2,14,2010-2016 PB,,,,
PI,660606,14PV0807,,PRE0424,2,14,2010-2016 PB,,,,
PI,660618,14PV0678,,PRE0500,2,14,2010-2016 PB,,,,
PI,660618,18PV0698,,,2,9,2018 CABBI,,,,
PI,660620,14PV175,,PRE1246,2,14,2010-2016 PB,,,,
PI,660620,18PV0695,,,2,9,2018 CABBI,,,,
PI,665072,16PV0288,"14PV0641, 12PV2434",PRE0250,2,15,2010-2016 PB,,,,
PI,665073,16PV0200,12PV2331,PRE0515,2,15,2010-2016 PB,,,,
PI,665103,12PV2172,,PRE1118,2,15,2010-2016 PB,,,,
PI,665104,14PV0813,,PRE0354,2,15,2010-2016 PB,,,,
PI,665106,14PV0266,,PRE0512,2,15,2010-2016 PB,,,,
PI,665107,14PV0772,,PRE0252,2,15,2010-2016 PB,,,,
PI,665111,18PV0711,,,2,10,2018 CABBI,,,,
PI,665125,14PV0258,,PRE0445,2,15,2010-2016 PB,,,,
PI,665127,12PV2347,,PRE0457,2,15,2010-2016 PB,,,,
PI,665139,18PV0613,,,2,10,2018 CABBI,,,,
PI,665147,18PV0628,,,2,10,2018 CABBI,,,,
PI,665148,18PV0634,,,2,10,2018 CABBI,,,,
PI,665150,16PV0293,"14PV0675, 12PV2306",PRE0307,2,15,2010-2016 PB,,,,
PI,665151,12PV2510,,,2,15,2010-2016 PB,,,,
PI,665156,16PV0321,"15PV0062, 12PV2170",PRE254,2,15,2010-2016 PB,,,,
PI,152736A,14PV0470,,PRE0064,2,2,2010-2016 PB,,,,
PI,506030B,18PV0011,,,2,6,2018 CABBI,,,,
PI,525835,18PV0127,,,2,7,2018 CABBI,,,,
NSL,50448,16PV0302,"14PV0758, 12PV2276",PRE0256,1,1,2010-2016 PB,,,,
NSL,50579,18PV0586,,,1,1,2018 CABBI,,,,
NSL,50646,18PV0590,,,1,1,2018 CABBI,,,,
NSL,50843,14PV0420,,,1,1,2010-2016 PB,,,,
NSL,51356,18PV0599,,,1,1,2018 CABBI,,,,
NSL,51902,18PV0601,,,1,1,2018 CABBI,,,,
NSL,51961,18PV0604,,,1,1,2018 CABBI,,,,
NSL,54142,18PV0569,,,1,1,2018 CABBI,,,,
NSL,54231,12PV2186,,,1,1,2010-2016 PB,,,,
NSL,54231,18PV0643,,,1,1,2018 CABBI,,,,
NSL,54577,18PV0635,,,1,1,2018 CABBI,,,,
NSL,55032,14PV0214,,PRE0581,1,1,2010-2016 PB,,,,
NSL,55032,18PV0564,,,1,1,2018 CABBI,,,,
NSL,55671,16PV0281,14PV0610,PRE0919,1,1,2010-2016 PB,,,,
NSL,55698,18PV0815,,,1,1,2018 CABBI,,,,
NSL,80235,12PV2328,,PRE0269,1,1,2010-2016 PB,,,,
PI,148084,16PV0193,14PV0646,PRE0023,1,2,2010-2016 PB,,,,
PI,148084,16PV0316,14PV0646,PRE0023,1,2,2010-2016 PB,,,,
PI,148084,16PV0327,14PV0646,PRE0023,1,2,2010-2016 PB,,,,
PI,148084,16PV0330,14PV0646,PRE0023,1,2,2010-2016 PB,,,,
pi,148084,18PV0376,,,1,2,2018 CABBI,,,,
PI,148086,14PV0316,,PRE0025,1,2,2010-2016 PB,,,,
PI,148089,16PV0317,15PV0036,PRE0028,1,2,2010-2016 PB,,,,
PI,148089,16PV0339,14PV0508,PRE0028,1,2,2010-2016 PB,,,,
PI,148089,16PV0350,14PV0508,PRE0028,1,2,2010-2016 PB,,,,
PI,151198,14PV0556,,PRE0043,1,2,2010-2016 PB,,,,
PI,152593,12PV2284,,PRE0311,1,2,2010-2016 PB,,,,
PI,152636,14PV0245,,PRE0053,1,2,2010-2016 PB,,,,
PI,152654,16PV0287,14PV0637,PRE0054,1,2,2010-2016 PB,,,,
PI,152728,15PV0841,,SB3768,1,2,2010-2016 PB,,,,
PI,152728,18PV0393,,,1,2,2018 CABBI,,,,
PI,152856,18PV0398,,,1,2,2018 CABBI,,,,
PI,155138,14PV0012,,PRE0465,1,2,2010-2016 PB,,,,
PI,156034,18PV0409,,,1,2,2018 CABBI,,,,
PI,156217,18PV0410,,,1,2,2018 CABBI,,,,
PI,156510,18PV0417,,,1,2,2018 CABBI,,,,
PI,185458,18PV0418,,,1,2,2018 CABBI,,,,
PI,221657,15PV0501,12PV2221,PRE0100,1,3,2010-2016 PB,,,,
PI,266061,18PV0828,,,1,2,2018 CABBI,,,,
PI,267580,18PV0823,,,1,2,2018 CABBI,,,,
PI,276773,18PV0760,,,1,2,2018 CABBI,,,,
PI,276776,18PV0759,,,1,2,2018 CABBI,,,,
PI,276785,14PV0553,,PRE0134,1,3,2010-2016 PB,,,,
PI,276787,18PV0755,,,1,2,2018 CABBI,,,,
PI,276820,18PV0767,,,1,3,2018 CABBI,,,,
PI,282835,14PV0057,,PRE0320,1,3,2010-2016 PB,,,,
PI,282857,14PV0633,,PRE0285,1,3,2010-2016 PB,,,,
PI,282861,18PV0787,,,1,3,2018 CABBI,,,,
PI,285043,16PV0247,14PV0407,PRE0188,1,3,2010-2016 PB,,,,
PI,291089,18PV0790,,,1,3,2018 CABBI,,,,
PI,329429,18PV0473,,,1,3,2018 CABBI,,,,
PI,329549,18PV0497,,,1,3,2018 CABBI,,,,
PI,329550,18PV0496,,,1,3,2018 CABBI,,,,
PI,329645,18PV0509,,,1,4,2018 CABBI,,,,
PI,329646,18PV0510,,,1,4,2018 CABBI,,,,
PI,329665,18PV0513,,,1,4,2018 CABBI,,,,
PI,329679,18PV0514,,,1,4,2018 CABBI,,,,
PI,329836,14PV0802,,PRE1019,1,5,2010-2016 PB,,,,
PI,329890,18PV0527,,,1,4,2018 CABBI,,,,
PI,329958,14PV0840,,R_413,1,5,2010-2016 PB,,,,
PI,337680,18PV0559,,,1,4,2018 CABBI,,,,
PI,452529,18PV0854,,,1,4,2018 CABBI,,,,
PI,452533,15PV0605,,SB2809,1,7,2010-2016 PB,,,,
PI,452567,18PV0351,,,1,4,2018 CABBI,,,,
PI,452587,18PV0284,,,1,4,2018 CABBI,,,,
PI,452625,15PV0631,,SB2900,1,7,2010-2016 PB,,,,
PI,452628,15PV0633,,SB2903,1,7,2010-2016 PB,,,,
PI,452658,18PV0327,,,1,4,2018 CABBI,,,,
PI,452665,15PV0646,,SB2939,1,7,2010-2016 PB,,,,
PI,452665,18PV0330,,,1,4,2018 CABBI,,,,
PI,452714,18PV0276,,,1,4,2018 CABBI,,,,
PI,452850,18PV0237,,,1,5,2018 CABBI,,,,
PI,452851,18PV0313,,,1,5,2018 CABBI,,,,
PI,452891,15PV0693,,SB3162,1,7,2010-2016 PB,,,,
PI,452928,18PV0316,,,1,5,2018 CABBI,,,,
PI,452930,15PV0700,,SB3200,1,7,2010-2016 PB,,,,
PI,452947,18PV0189,,,1,5,2018 CABBI,,,,
PI,452968,15PV0710,,SB3238,1,7,2010-2016 PB,,,,
PI,452980,18PV0253,,,1,5,2018 CABBI,,,,
PI,452984,15PV0714,,SB3254,1,7,2010-2016 PB,,,,
PI,452988,15PV0716,,SB3258,1,7,2010-2016 PB,,,,
PI,453006,18PV0242,,,1,5,2018 CABBI,,,,
PI,453030,15PV0727,,SB3300,1,8,2010-2016 PB,,,,
PI,453056,15PV0732,,SB3325,1,8,2010-2016 PB,,,,
PI,453080,14PV0680,,ETS_2293,1,8,2010-2016 PB,,,,
PI,453123,18PV0212,,,1,5,2018 CABBI,,,,
PI,453127,15PV0754,,SB3395,1,8,2010-2016 PB,,,,
PI,453129,15PV0755,,SB3397,1,8,2010-2016 PB,,,,
PI,453129,16PV0355,15PV0755,,1,8,2010-2016 PB,,,,
PI,453179,18PV0221,,,1,5,2018 CABBI,,,,
PI,453237,18PV0294,,,1,5,2018 CABBI,,,,
PI,453238,18PV0295,,,1,5,2018 CABBI,,,,
PI,453241,18PV0296,,,1,5,2018 CABBI,,,,
PI,453245,18PV0297,,,1,5,2018 CABBI,,,,
PI,453281,18PV0301,,,1,5,2018 CABBI,,,,
PI,453312,18PV0304,,,1,5,2018 CABBI,,,,
PI,453341,15PV0817,,,1,8,2010-2016 PB,,,,
PI,453494,18PV0199,,,1,5,2018 CABBI,,,,
PI,453848,18PV0203,,,1,5,2018 CABBI,,,,
PI,453882,18PV0205,,,1,5,2018 CABBI,,,,
PI,453953,18PV0206,,,1,5,2018 CABBI,,,,
PI,454019,15PV0523,14PV0279,ETS_2783,1,9,2010-2016 PB,,,,
PI,457092,14PV0197,,ETS_4498,1,9,2010-2016 PB,,,,
PI,505739,18PV0007,,,1,6,2018 CABBI,,,,
PI,506073,10P1272,,,1,10,2010-2016 PB,,,,
PI,513896,18PV0018,,,1,6,2018 CABBI,,,,
PI,514253,18PV0041,,,1,6,2018 CABBI,,,,
PI,514345,18PV0045,,,1,6,2018 CABBI,,,,
PI,514390,14PV0130,,Nieniko2,1,10,2010-2016 PB,,,,
PI,514390,18PV0046,,,1,6,2018 CABBI,,,,
PI,514425,18PV0047,,,1,6,2018 CABBI,,,,
PI,514427,15PV1061,,SB3988,1,10,2010-2016 PB,,,,
PI,514447,18PV0050,,,1,6,2018 CABBI,,,,
PI,514456,18PV0028,,,1,6,2018 CABBI,,,,
PI,514465,15PV1065,,SB3992,1,10,2010-2016 PB,,,,
PI,514465,18PV0029,,,1,6,2018 CABBI,,,,
PI,514556,18PV0033,,,1,6,2018 CABBI,,,,
PI,521152,18PV0075,,,1,7,2018 CABBI,,,,
PI,521159,18PV0078,,,1,7,2018 CABBI,,,,
PI,522160,18PV0085,,,1,7,2018 CABBI,,,,
PI,525059,18PV0103,,,1,7,2018 CABBI,,,,
PI,525665,18PV0108,,,1,7,2018 CABBI,,,,
PI,525667,18PV0110,,,1,7,2018 CABBI,,,,
PI,525669,18PV0109,,,1,7,2018 CABBI,,,,
PI,525671,18PV0111,,,1,7,2018 CABBI,,,,
PI,525728,14PV0801,,Diansa_Dagafara,1,11,2010-2016 PB,,,,
PI,525769,18PV0116,,,1,7,2018 CABBI,,,,
PI,525780,14PV0779,,Kinti_Sonkou,1,11,2010-2016 PB,,,,
PI,525780,18PV0117,,,1,7,2018 CABBI,,,,
PI,525801,16PV0392,15PV1124,Gadiaba_Ba,1,11,2010-2016 PB,,,,
PI,525814,14PV0504,,Dorokon1,1,11,2010-2016 PB,,,,
PI,525814,18PV0119,,,1,7,2018 CABBI,,,,
PI,525855,18PV0125,,,1,7,2018 CABBI,,,,
PI,525884,18PV0130,,,1,7,2018 CABBI,,,,
PI,525941,14PV0510,,Kende_Ble,1,12,2010-2016 PB,,,,
PI,525949,18PV0136,,,1,7,2018 CABBI,,,,
PI,526002,14PV0211,,Nieniefi3,1,12,2010-2016 PB,,,,
PI,526017,18PV0038,,,1,7,2018 CABBI,,,,
PI,526032,18PV0037,,,1,7,2018 CABBI,,,,
PI,526034,18PV0036,,,1,7,2018 CABBI,,,,
PI,526108,18PV0089,,,1,8,2018 CABBI,,,,
PI,526152,14PV0208,,Nieniko5,1,12,2010-2016 PB,,,,
PI,552851,15PV1135,,SB4062,1,12,2010-2016 PB,,,,
PI,562897,18PV0434,,,1,8,2018 CABBI,,,,
PI,562963,14PV0384,,PRE0342,1,12,2010-2016 PB,,,,
PI,562980,14PV0382,,OKA,1,12,2010-2016 PB,,,,
PI,562995,14PV0074,,PRE0522,1,12,2010-2016 PB,,,,
PI,562997,18PV0655,,,1,8,2018 CABBI,,,,
PI,563352,14PV0723,,PARKONGE,1,12,2010-2016 PB,,,,
PI,569458,18PV0145,,,1,8,2018 CABBI,,,,
PI,570071,15PV1203,,SB4130,1,13,2010-2016 PB,,,,
PI,570813,14PV0658,,PRE0340,1,13,2010-2016 PB,,,,
PI,570928,12PV2246,,PRE0405,1,13,2010-2016 PB,,,,
PI,570928,14PV0265,,,1,13,2010-2016 PB,,,,
PI,570969,16PV0324,15PV0137,PRE0420,1,13,2010-2016 PB,,,,
PI,571022,14PV0220,,PRE0504,1,13,2010-2016 PB,,,,
PI,585433,18PV0171,,,1,8,2018 CABBI,,,,
PI,585454,18PV0172,,,1,8,2018 CABBI,,,,
PI,585549,18PV0176,,,1,8,2018 CABBI,,,,
PI,586792,14PV0414,,PRE0575,1,13,2010-2016 PB,,,,
PI,591377,12PV2505,,,1,13,2010-2016 PB,,,,
PI,609612,12PV2560,,,1,14,2010-2016 PB,,,,
PI,609612,14PV0578,,PRE1424,1,14,2010-2016 PB,,,,
PI,609612,18PV0715,,,1,9,2018 CABBI,,,,
PI,647716,12PV2416,,PRE0543,1,14,2010-2016 PB,,,,
PI,647716,14PV0159,,PRE0543,1,14,2010-2016 PB,,,,
PI,651187,14PV0623,,PRE0490,1,14,2010-2016 PB,,,,
PI,660582,16PV0249,"14PV0417, 10PV1277",PRE0329,1,14,2010-2016 PB,,,,
PI,660587,14PV0438,,PRE0563,1,14,2010-2016 PB,,,,
PI,660590,18PV0739,,,1,9,2018 CABBI,,,,
PI,660592,14PV0325,,PRE0241,1,14,2010-2016 PB,,,,
PI,660630,18PV0667,,,1,9,2018 CABBI,,,,
PI,660631,14PV0730,,PRE1074,1,14,2010-2016 PB,,,,
PI,660632,14PV0176,,PRE1076,1,14,2010-2016 PB,,,,
PI,660643,16PV0272,14PV0581,PRE1329,1,14,2010-2016 PB,,,,
PI,665071,18PV0676,,,1,10,2018 CABBI,,,,
PI,665080,12PV2350,,PRE0292,1,15,2010-2016 PB,,,,
PI,665080,14PV0826,,PRE0292,1,15,2010-2016 PB,,,,
PI,665093,18PV0694,,,1,10,2018 CABBI,,,,
PI,665097,18PV0696,,,1,10,2018 CABBI,,,,
PI,665109,18PV0709,,,1,10,2018 CABBI,,,,
PI,665115,18PV0714,,,1,10,2018 CABBI,,,,
PI,665123,14PV0322,,PRE0442,1,15,2010-2016 PB,,,,
PI,665132,18PV0609,,,1,10,2018 CABBI,,,,
PI,665141,18PV0617,,,1,10,2018 CABBI,,,,
PI,665146,18PV0625,,,1,10,2018 CABBI,,,,
PI,665155,14PV0060,,PRE1338,1,15,2010-2016 PB,,,,
PI,665156,18PV0663,,,1,10,2018 CABBI,,,,
PI,665170,14PV0404,,PRE1337,1,15,2010-2016 PB,,,,
PI,665170,18PV0660,,,1,10,2018 CABBI,,,,
PI,152736B,15PV0544,14PV0470B02,PRE0064B,1,2,2010-2016 PB,,,,
PI,276853A,18PV0781,,,1,3,2018 CABBI,,,,
PI,276853B,14PV0790,,,1,3,2010-2016 PB,,,,
PI,506030A,18PV0010,,,1,6,2018 CABBI,,,,
PI,152731,18PV0805,,,1,2,2018 CABBI,,,,
PI,153824,18PV0399,,,1,2,2018 CABBI,,,,
PI,267643,18PV0818,,,1,2,2018 CABBI,,,,
PI,276788,18PV0754,,,1,2,2018 CABBI,,,,
PI,276792,18PV0774,,,1,2,2018 CABBI,,,,
PI,329286,18PV0798,,,1,3,2018 CABBI,,,,
PI,329351,18PV0463,,,1,3,2018 CABBI,,,,
PI,452525,18PV0238,,,1,4,2018 CABBI,,,,
PI,452625,18PV0356,,,1,4,2018 CABBI,,,,
PI,452789,18PV0232,,,1,4,2018 CABBI,,,,
PI,452968,18PV0247,,,1,5,2018 CABBI,,,,
PI,452982,18PV0266,,,1,5,2018 CABBI,,,,
PI,452984,18PV0275,,,1,5,2018 CABBI,,,,
PI,452987,18PV0274,,,1,5,2018 CABBI,,,,
PI,453016,18PV0262,,,1,5,2018 CABBI,,,,
PI,453080,18PV0272,,,1,5,2018 CABBI,,,,
PI,453127,18PV0213,,,1,5,2018 CABBI,,,,
PI,453129,18PV0214,,,1,5,2018 CABBI,,,,
PI,453219,18PV0288,,,1,5,2018 CABBI,,,,
PI,453269,18PV0300,,,1,5,2018 CABBI,,,,
PI,453914,18PV0207,,,1,5,2018 CABBI,,,,
PI,514291,18PV0043,,,1,6,2018 CABBI,,,,
PI,514431,18PV0049,,,1,6,2018 CABBI,,,,
PI,525801,18PV0118,,,1,7,2018 CABBI,,,,
PI,525882,18PV0838,,,1,7,2018 CABBI,,,,
PI,525897,18PV0132,,,1,7,2018 CABBI,,,,
PI,525931,18PV0134,,,1,7,2018 CABBI,,,,
PI,525941,18PV0135,,,1,7,2018 CABBI,,,,
PI,526002,18PV0040,,,1,7,2018 CABBI,,,,
PI,526147,18PV0091,,,1,8,2018 CABBI,,,,
PI,526152,18PV0092,,,1,8,2018 CABBI,,,,
PI,563350,18PV0426,,,1,8,2018 CABBI,,,,
PI,665089,18PV0690,,,1,10,2018 CABBI,,,,
PI,665091,18PV0692,,,1,10,2018 CABBI,,,,
PI,665155,18PV0664,,,1,10,2018 CABBI,,,,
PI,276853B,18PV0780,,,1,3,2018 CABBI,,,,